_id,FundingAmount,FundingDate,FundingType,Industry,Location,launchAt
230620161,50000,2015-12-31T16:00:00.000Z,seed,3D Printing,Hong Kong,
2306201611,589000,2012-12-31T16:00:00.000Z,seed,3D Printing,Singapore,2013-04-30T16:00:00.000Z
2306201616,150000,2013-12-31T16:00:00.000Z,seed,3D Printing,Hong Kong,
23062016371,275000,2015-01-26T00:00:00.000Z,seed,3D Printing,Singapore,2014-04-30T16:00:00.000Z
230620161016,100000,2013-12-31T16:00:00.000Z,seed,Consumer Software/App,Hong Kong,2011-12-31T16:00:00.000Z
230620161018,170000,2014-12-28T16:00:00.000Z,seed,Consumer Software/App,Shanghai,2014-04-29T16:00:00.000Z
230620161069,50000,2015-12-31T16:00:00.000Z,seed,Consumer Software/App,Hong Kong,2011-12-31T16:00:00.000Z
230620161075,886668,2012-11-01T00:00:00.000Z,a,Consumer Software/App,Singapore,2011-06-14T16:00:00.000Z
2306201612,50000,2014-04-30T16:00:00.000Z,seed,Consumer Software/App,Beijing,2014-04-30T16:00:00.000Z
230620161177,1000000,2014-12-31T16:00:00.000Z,seed,Consumer Software/App,Hong Kong,1998-12-31T16:00:00.000Z
230620161198,100000,2014-06-11T16:00:00.000Z,seed,Consumer Software/App,Taipei,2014-06-11T16:00:00.000Z
230620161200,2000000,2009-11-30T16:00:00.000Z,seed,Consumer Software/App,Shanghai,2009-11-30T16:00:00.000Z
230620161168,6600000,2016-05-15T16:00:00.000Z,a,Consumer Software/App,Shanghai,2015-06-30T16:00:00.000Z
230620161203,150000,2007-07-30T16:00:00.000Z,seed,Consumer Software/App,Melbourne,2004-12-29T16:00:00.000Z
230620161153,55500,2012-08-01T00:00:00.000Z,seed,Consumer Software/App,Hong Kong,2011-12-31T16:00:00.000Z
230620161121,1000000,2014-08-04T16:00:00.000Z,seed,Consumer Software/App,Taipei,
230620161173,500000,2012-07-13T00:00:00.000Z,seed,Consumer Software/App,Singapore,2012-04-30T16:00:00.000Z
230620161240,720000,2015-03-10T16:00:00.000Z,seed,Consumer Software/App,Singapore,2012-12-31T16:00:00.000Z
230620161250,425000,2014-07-01T00:00:00.000Z,seed,Consumer Software/App,Hong Kong,2012-12-30T16:00:00.000Z
230620161263,50000,2015-02-13T16:00:00.000Z,seed,Consumer Software/App,Taipei,
230620161256,100000,2014-02-02T16:00:00.000Z,seed,Consumer Software/App,Taipei,2012-12-31T16:00:00.000Z
230620161221,41250,2014-01-01T00:00:00.000Z,seed,Consumer Software/App,Hong Kong,2014-12-30T16:00:00.000Z
230620161237,100000,2014-01-30T00:00:00.000Z,seed,Consumer Software/App,Sydney,2013-07-31T16:00:00.000Z
230620161306,512708,2013-03-08T00:00:00.000Z,seed,Consumer Software/App,Sydney,2008-05-31T16:00:00.000Z
23062016146,325000,2014-08-30T16:00:00.000Z,seed,Consumer Software/App,Shanghai,2014-05-31T16:00:00.000Z
230620161323,100000,2015-05-15T00:00:00.000Z,seed,Consumer Software/App,Hong Kong,2015-04-30T16:00:00.000Z
23062016209,250000,2011-10-31T16:00:00.000Z,seed,Consumer Software/App,Shenzhen,2012-10-31T16:00:00.000Z
2306201620,3709677,2015-03-11T16:00:00.000Z,b,Consumer Software/App,Beijing,2003-02-28T16:00:00.000Z
23062016168,300000,2010-05-31T16:00:00.000Z,seed,Consumer Software/App,Shenzhen,2010-05-31T16:00:00.000Z
230620161302,50000,2015-08-07T16:00:00.000Z,seed,Consumer Software/App,Shanghai,2015-05-04T16:00:00.000Z
23062016279,1290322,2015-06-14T16:00:00.000Z,seed,Consumer Software/App,Shanghai,2015-04-30T16:00:00.000Z
23062016349,25000,2014-05-28T00:00:00.000Z,seed,Consumer Software/App,Singapore,2013-07-31T16:00:00.000Z
2306201631,1500000,2015-01-29T16:00:00.000Z,a,Consumer Software/App,Shanghai,2012-05-31T16:00:00.000Z
23062016403,807000,2014-12-14T16:00:00.000Z,seed,Consumer Software/App,Shenzhen,2014-06-30T16:00:00.000Z
23062016390,1000000,2015-07-19T16:00:00.000Z,seed,Consumer Software/App,Hong Kong,2015-06-19T16:00:00.000Z
23062016338,50000,2015-01-31T16:00:00.000Z,seed,Consumer Software/App,Shenzhen,
2306201641,5000000,2010-12-31T16:00:00.000Z,b,Consumer Software/App,Shanghai,2006-07-31T16:00:00.000Z
23062016323,100000,2014-07-17T16:00:00.000Z,seed,Consumer Software/App,Taipei,
23062016342,50000,2015-01-31T16:00:00.000Z,seed,Consumer Software/App,Shenzhen,2015-02-27T16:00:00.000Z
23062016307,100000,2014-07-31T16:00:00.000Z,seed,Consumer Software/App,Taipei,2014-07-31T16:00:00.000Z
23062016490,6115000,2016-02-25T16:00:00.000Z,a,Consumer Software/App,Shanghai,2014-12-31T16:00:00.000Z
23062016480,2000000,2014-12-31T16:00:00.000Z,a,Consumer Software/App,Shanghai,2014-12-31T16:00:00.000Z
23062016574,300000,2010-02-28T16:00:00.000Z,seed,Consumer Software/App,Shenzhen,2010-03-30T16:00:00.000Z
23062016614,377900,2014-06-30T16:00:00.000Z,seed,Consumer Software/App,Sydney,2014-02-28T16:00:00.000Z
23062016529,50000,2014-09-01T16:00:00.000Z,seed,Consumer Software/App,Beijing,2013-04-30T16:00:00.000Z
2306201654,13000,2011-03-01T16:00:00.000Z,seed,Consumer Software/App,Hong Kong,2010-07-13T16:00:00.000Z
23062016637,20000,2012-05-01T00:00:00.000Z,seed,Consumer Software/App,Melbourne,2012-01-31T16:00:00.000Z
23062016635,210200,2013-06-30T16:00:00.000Z,seed,Consumer Software/App,Sydney,2011-12-31T16:00:00.000Z
23062016695,2000000,2014-08-22T16:00:00.000Z,seed,Consumer Software/App,Shanghai,2012-09-30T16:00:00.000Z
23062016731,40000,2014-01-13T16:00:00.000Z,seed,Consumer Software/App,Singapore,
23062016701,350000,2008-12-31T16:00:00.000Z,seed,Consumer Software/App,Taipei,2009-12-30T16:00:00.000Z
23062016719,1320000,2010-03-31T16:00:00.000Z,seed,Consumer Software/App,Sydney,2008-08-31T16:00:00.000Z
23062016740,100000,2014-12-31T16:00:00.000Z,seed,Consumer Software/App,Singapore,2009-12-31T16:00:00.000Z
23062016757,250000,2014-02-28T16:00:00.000Z,seed,Consumer Software/App,Singapore,2013-12-19T16:00:00.000Z
23062016760,150000,2012-12-31T16:00:00.000Z,seed,Consumer Software/App,Melbourne,2013-10-31T16:00:00.000Z
2306201679,1500000,2012-05-31T16:00:00.000Z,a,Consumer Software/App,Taipei,2008-03-31T16:00:00.000Z
23062016832,2000000,2015-01-05T16:00:00.000Z,a,Consumer Software/App,Beijing,2014-11-29T16:00:00.000Z
23062016835,1100000,2012-11-02T00:00:00.000Z,seed,Consumer Software/App,Taipei,2012-02-29T16:00:00.000Z
23062016821,50000,2014-12-31T16:00:00.000Z,seed,Consumer Software/App,Taipei,2014-09-29T16:00:00.000Z
23062016813,150000,2013-12-31T16:00:00.000Z,seed,Consumer Software/App,Hong Kong,2012-12-31T16:00:00.000Z
23062016825,1000000,2014-10-31T00:00:00.000Z,seed,Consumer Software/App,Singapore,
23062016826,100000,2014-12-31T16:00:00.000Z,seed,Consumer Software/App,Singapore,2013-12-30T16:00:00.000Z
23062016885,483184,2015-07-19T16:00:00.000Z,seed,Consumer Software/App,Shenzhen,2015-04-29T16:00:00.000Z
23062016842,1700000,2013-12-29T16:00:00.000Z,a,Consumer Software/App,Shanghai,2013-03-30T16:00:00.000Z
23062016886,50000,2015-05-21T16:00:00.000Z,seed,Consumer Software/App,Taipei,2011-12-31T16:00:00.000Z
230620161100,100000,2014-07-21T16:00:00.000Z,seed,Ecommerce,Taipei,2014-06-30T16:00:00.000Z
230620161105,100000,2015-12-10T00:00:00.000Z,seed,Ecommerce,Hong Kong,2014-12-31T16:00:00.000Z
230620161030,50000,2015-04-01T00:00:00.000Z,seed,Ecommerce,Sydney,2014-12-31T16:00:00.000Z
230620161111,170000,2011-03-01T00:00:00.000Z,seed,Ecommerce,Singapore,2009-06-29T16:00:00.000Z
230620161072,3100000,2015-09-24T16:00:00.000Z,seed,Ecommerce,Beijing,2014-07-31T16:00:00.000Z
230620161090,1000000,2014-02-01T00:00:00.000Z,seed,Ecommerce,Hong Kong,2011-11-30T16:00:00.000Z
230620161164,150000,2013-01-06T16:00:00.000Z,seed,Ecommerce,Taipei,2013-07-31T16:00:00.000Z
230620161195,100000,2013-12-31T16:00:00.000Z,seed,Ecommerce,Taipei,
230620161194,800000,2013-11-13T00:00:00.000Z,seed,Ecommerce,Singapore,2012-04-30T16:00:00.000Z
230620161178,250000,2014-03-13T16:00:00.000Z,seed,Ecommerce,Hong Kong,2011-10-31T16:00:00.000Z
230620161227,50000,2015-12-31T16:00:00.000Z,seed,Ecommerce,Melbourne,2008-09-30T16:00:00.000Z
230620161233,786000,2011-12-11T16:00:00.000Z,seed,Ecommerce,Shanghai,2010-06-30T16:00:00.000Z
230620161265,100000,2014-05-15T16:00:00.000Z,seed,Ecommerce,Taipei,2013-10-05T16:00:00.000Z
230620161260,100000,2014-09-30T16:00:00.000Z,seed,Ecommerce,Shenzhen,
230620161219,2000000,2014-11-03T16:00:00.000Z,seed,Ecommerce,Shanghai,2013-08-31T16:00:00.000Z
23062016141,1612903,2015-07-19T16:00:00.000Z,a,Ecommerce,Beijing,2014-08-31T16:00:00.000Z
23062016157,250000,2011-10-10T16:00:00.000Z,seed,Ecommerce,Taipei,2011-10-10T16:00:00.000Z
2306201617,10000000,2012-04-30T16:00:00.000Z,b,Ecommerce,Beijing,2007-05-31T16:00:00.000Z
23062016197,170000,2015-04-29T16:00:00.000Z,seed,Ecommerce,Beijing,2014-12-31T16:00:00.000Z
23062016205,17252000,2015-09-21T16:00:00.000Z,a,Ecommerce,Shanghai,2009-11-29T16:00:00.000Z
230620161300,150000,2012-12-31T16:00:00.000Z,seed,Ecommerce,Singapore,2012-12-31T16:00:00.000Z
230620161322,2000000,2015-08-26T16:00:00.000Z,a,Ecommerce,Beijing,2011-09-30T16:00:00.000Z
23062016165,2000000,2015-07-17T16:00:00.000Z,a,Ecommerce,Shanghai,2014-12-31T16:00:00.000Z
23062016151,15500000,2015-05-20T00:00:00.000Z,seed,Ecommerce,Melbourne,2006-12-31T16:00:00.000Z
23062016144,100000,2014-11-30T16:00:00.000Z,seed,Ecommerce,Hong Kong,2014-11-30T16:00:00.000Z
230620161304,100000,2015-01-13T00:00:00.000Z,seed,Ecommerce,Sydney,2013-10-31T16:00:00.000Z
230620161311,500000,2012-07-16T00:00:00.000Z,seed,Ecommerce,Hong Kong,2009-12-31T16:00:00.000Z
23062016191,170000,2013-01-07T16:00:00.000Z,seed,Ecommerce,Shanghai,2007-11-30T16:00:00.000Z
23062016167,40000000,2012-11-11T00:00:00.000Z,a,Ecommerce,Singapore,2012-02-29T16:00:00.000Z
23062016249,100000,2014-12-31T16:00:00.000Z,seed,Ecommerce,Hong Kong,2013-04-30T16:00:00.000Z
23062016254,2000000,2014-08-21T16:00:00.000Z,a,Ecommerce,Shanghai,2011-02-28T16:00:00.000Z
23062016221,100000,2014-12-31T16:00:00.000Z,seed,Ecommerce,Singapore,2015-06-23T16:00:00.000Z
23062016223,5000000,2015-01-07T16:00:00.000Z,a,Ecommerce,Beijing,2012-03-31T16:00:00.000Z
23062016269,15289584,2016-02-25T16:00:00.000Z,a,Ecommerce,Shanghai,2011-11-30T16:00:00.000Z
23062016442,20000000,2015-08-03T16:00:00.000Z,a,Ecommerce,Beijing,2014-12-31T16:00:00.000Z
2306201645,50000,2014-12-31T16:00:00.000Z,seed,Ecommerce,Beijing,2014-12-31T16:00:00.000Z
23062016281,170000,2013-11-06T16:00:00.000Z,seed,Ecommerce,Beijing,2012-02-29T16:00:00.000Z
23062016386,800000,2015-03-31T16:00:00.000Z,seed,Ecommerce,Hong Kong,2013-12-31T16:00:00.000Z
23062016453,100000,2014-02-28T16:00:00.000Z,seed,Ecommerce,Shenzhen,2014-03-30T16:00:00.000Z
23062016295,500000,2013-10-02T00:00:00.000Z,seed,Ecommerce,Singapore,
23062016389,1000000,2015-07-28T16:00:00.000Z,seed,Ecommerce,Hong Kong,2013-12-31T16:00:00.000Z
23062016405,100000,2014-06-30T16:00:00.000Z,seed,Ecommerce,Shenzhen,2014-06-30T16:00:00.000Z
2306201629,600000,2015-05-17T16:00:00.000Z,seed,Ecommerce,Sydney,2014-07-31T16:00:00.000Z
23062016496,2000000,2015-06-28T16:00:00.000Z,a,Ecommerce,Shanghai,2014-07-31T16:00:00.000Z
23062016492,2000000,2014-12-22T16:00:00.000Z,a,Ecommerce,Shanghai,2011-08-31T16:00:00.000Z
23062016491,2000000,2015-02-03T16:00:00.000Z,a,Ecommerce,Shanghai,2007-06-30T16:00:00.000Z
23062016530,2000000,2014-12-08T16:00:00.000Z,a,Ecommerce,Shanghai,2014-03-31T16:00:00.000Z
23062016541,15000000,2012-03-29T16:00:00.000Z,b,Ecommerce,Shanghai,2011-10-31T16:00:00.000Z
23062016565,170000,2011-12-31T16:00:00.000Z,seed,Ecommerce,Shanghai,2011-02-28T16:00:00.000Z
23062016590,2000000,2014-06-30T16:00:00.000Z,a,Ecommerce,Shanghai,2013-05-31T16:00:00.000Z
23062016536,170000,2013-01-29T16:00:00.000Z,seed,Ecommerce,Shanghai,2008-05-31T16:00:00.000Z
23062016513,100000,2014-12-30T16:00:00.000Z,seed,Ecommerce,Beijing,2014-12-30T16:00:00.000Z
23062016533,2000000,2010-06-02T16:00:00.000Z,a,Ecommerce,Shanghai,2001-12-31T16:00:00.000Z
23062016547,10000000,2012-08-31T16:00:00.000Z,a,Ecommerce,Shanghai,2010-04-30T16:00:00.000Z
23062016585,2000000,2015-01-05T16:00:00.000Z,a,Ecommerce,Shanghai,2014-05-31T16:00:00.000Z
23062016557,170000,2013-09-30T16:00:00.000Z,seed,Ecommerce,Shanghai,2013-07-31T16:00:00.000Z
23062016554,3000000,2010-08-31T16:00:00.000Z,a,Ecommerce,Shanghai,2010-03-31T16:00:00.000Z
23062016656,1602564,2015-01-31T16:00:00.000Z,seed,Ecommerce,Shanghai,2014-12-31T16:00:00.000Z
2306201666,30959752,2016-04-19T16:00:00.000Z,c,Ecommerce,Beijing,2010-04-30T16:00:00.000Z
23062016623,1021774,2013-03-01T00:00:00.000Z,seed,Ecommerce,Sydney,2012-12-31T16:00:00.000Z
23062016647,490000,2014-11-09T16:00:00.000Z,seed,Ecommerce,Beijing,2014-10-31T16:00:00.000Z
23062016667,50000,2011-12-01T16:00:00.000Z,seed,Ecommerce,Melbourne,2011-11-30T16:00:00.000Z
23062016640,2000000,2015-07-21T00:00:00.000Z,a,Ecommerce,Melbourne,2014-01-31T16:00:00.000Z
23062016698,100000,2014-12-31T16:00:00.000Z,seed,Ecommerce,Singapore,2003-12-31T16:00:00.000Z
230620167,100000,2013-12-31T16:00:00.000Z,seed,Ecommerce,Shanghai,2013-12-31T16:00:00.000Z
23062016746,704000,2015-11-13T00:00:00.000Z,seed,Ecommerce,Melbourne,2012-12-31T16:00:00.000Z
23062016689,400000,2008-01-31T16:00:00.000Z,seed,Ecommerce,Shanghai,2008-01-31T16:00:00.000Z
2306201670,200000,2011-12-31T16:00:00.000Z,seed,Ecommerce,Taipei,2011-12-31T16:00:00.000Z
23062016758,200000,2012-09-30T16:00:00.000Z,seed,Ecommerce,Sydney,2011-12-31T16:00:00.000Z
23062016764,1000000,2014-12-31T16:00:00.000Z,seed,Ecommerce,Hong Kong,2012-12-31T16:00:00.000Z
23062016753,9000000,2015-09-30T00:00:00.000Z,a,Ecommerce,Taipei,2009-09-30T16:00:00.000Z
23062016811,15000000,2015-07-14T16:00:00.000Z,a,Ecommerce,Shanghai,2014-02-28T16:00:00.000Z
23062016810,50000,2015-12-31T16:00:00.000Z,seed,Ecommerce,Singapore,2013-12-31T16:00:00.000Z
23062016805,30000,2013-06-14T00:00:00.000Z,seed,Ecommerce,Sydney,2015-12-31T16:00:00.000Z
23062016807,1400000,2014-08-27T00:00:00.000Z,seed,Ecommerce,Singapore,2012-12-31T16:00:00.000Z
23062016800,150000,2013-12-31T16:00:00.000Z,seed,Ecommerce,Singapore,2012-12-31T16:00:00.000Z
23062016780,2000000,2014-06-10T00:00:00.000Z,seed,Ecommerce,Sydney,2014-03-31T16:00:00.000Z
23062016851,100000,2011-12-01T00:00:00.000Z,seed,Ecommerce,Singapore,2011-10-31T16:00:00.000Z
23062016855,100000,2014-10-31T16:00:00.000Z,a,Ecommerce,Beijing,2014-11-29T16:00:00.000Z
23062016884,250000,2011-11-30T16:00:00.000Z,seed,Ecommerce,Shenzhen,2011-12-30T16:00:00.000Z
23062016861,170000,2015-05-20T16:00:00.000Z,seed,Ecommerce,Beijing,2014-04-08T16:00:00.000Z
23062016872,170000,2013-11-06T16:00:00.000Z,seed,Ecommerce,Beijing,2012-02-29T16:00:00.000Z
230620161036,626959,2015-10-12T16:00:00.000Z,seed,Education,Beijing,2009-04-30T16:00:00.000Z
230620161064,3000000,2015-09-16T16:00:00.000Z,seed,Education,Shanghai,2015-04-30T16:00:00.000Z
230620161103,500000,2012-09-30T16:00:00.000Z,seed,Education,Taipei,2012-09-30T16:00:00.000Z
23062016107,1700000,2013-09-21T16:00:00.000Z,seed,Education,Shanghai,2013-07-31T16:00:00.000Z
230620161098,2000000,2015-01-06T16:00:00.000Z,a,Education,Beijing,2012-11-30T16:00:00.000Z
230620161091,200000,2012-12-31T16:00:00.000Z,seed,Education,Hong Kong,2012-12-31T16:00:00.000Z
230620161193,38221,2014-12-01T00:00:00.000Z,seed,Education,Sydney,2013-06-30T16:00:00.000Z
230620161175,387000,2011-03-23T16:00:00.000Z,seed,Education,Singapore,
230620161242,100000,2014-12-17T00:00:00.000Z,seed,Education,Singapore,2013-12-31T16:00:00.000Z
230620161247,170000,2013-07-31T16:00:00.000Z,seed,Education,Shanghai,2013-05-31T16:00:00.000Z
23062016169,5000000,2015-06-02T16:00:00.000Z,a,Education,Beijing,2014-02-28T16:00:00.000Z
230620161326,200000,2013-02-28T16:00:00.000Z,seed,Education,Taipei,2013-01-15T16:00:00.000Z
230620161291,200000,2014-06-30T16:00:00.000Z,seed,Education,Taipei,2016-05-15T16:00:00.000Z
23062016202,4784000,2015-03-03T16:00:00.000Z,a,Education,Shanghai,
23062016241,46599,2014-08-05T00:00:00.000Z,seed,Education,Sydney,2011-12-31T16:00:00.000Z
23062016222,1000000,2014-12-09T16:00:00.000Z,seed,Education,Beijing,2014-06-30T16:00:00.000Z
23062016233,20000,2014-06-01T00:00:00.000Z,seed,Education,Melbourne,2012-10-15T16:00:00.000Z
23062016398,400000,2008-05-31T16:00:00.000Z,seed,Education,Shenzhen,2008-05-31T16:00:00.000Z
23062016406,4800000,2012-12-31T16:00:00.000Z,a,Education,Shenzhen,2004-08-31T16:00:00.000Z
23062016326,200000,2013-06-30T16:00:00.000Z,seed,Education,Taipei,2013-06-30T16:00:00.000Z
23062016437,170000,2015-05-14T16:00:00.000Z,seed,Education,Beijing,2015-01-31T16:00:00.000Z
23062016368,800000,2014-09-30T16:00:00.000Z,seed,Education,Singapore,2012-05-31T16:00:00.000Z
23062016373,45000,2012-11-18T16:00:00.000Z,seed,Education,Singapore,
23062016417,300000,2009-12-31T16:00:00.000Z,seed,Education,Shenzhen,
23062016486,2000000,2011-06-30T16:00:00.000Z,a,Education,Shanghai,2005-08-31T16:00:00.000Z
23062016475,5000000,2014-04-29T16:00:00.000Z,a,Education,Beijing,2006-08-31T16:00:00.000Z
23062016624,2000000,2011-01-01T00:00:00.000Z,a,Education,Sydney,2010-12-28T16:00:00.000Z
2306201663,2000000,2007-12-31T16:00:00.000Z,seed,Education,Shanghai,2007-08-31T16:00:00.000Z
23062016659,18000,2015-09-15T00:00:00.000Z,seed,Education,Melbourne,2012-12-31T16:00:00.000Z
23062016631,200000,2012-12-31T16:00:00.000Z,seed,Education,Sydney,2012-11-04T16:00:00.000Z
23062016660,200000,2012-12-31T16:00:00.000Z,seed,Education,Melbourne,2012-12-31T16:00:00.000Z
2306201662,2000000,2013-12-31T16:00:00.000Z,a,Education,Shanghai,2008-05-31T16:00:00.000Z
23062016643,51937,2013-03-21T00:00:00.000Z,seed,Education,Melbourne,2012-12-31T16:00:00.000Z
23062016716,73000000,2011-12-21T16:00:00.000Z,seed,Education,Beijing,1999-05-31T16:00:00.000Z
23062016818,450000,2010-12-31T16:00:00.000Z,seed,Education,Singapore,2010-12-31T16:00:00.000Z
23062016874,170000,2015-08-22T16:00:00.000Z,seed,Education,Beijing,2014-06-30T16:00:00.000Z
23062016870,1000000,2014-02-28T16:00:00.000Z,seed,Education,Taipei,2014-03-14T16:00:00.000Z
23062016854,100000,2014-12-31T16:00:00.000Z,seed,Education,Singapore,1999-12-31T16:00:00.000Z
230620161014,481563,2012-11-30T16:00:00.000Z,seed,Energy,Shenzhen,2012-02-29T16:00:00.000Z
230620161215,100000,2014-12-31T16:00:00.000Z,seed,Energy,Melbourne,2013-12-31T16:00:00.000Z
230620161303,560000,2013-02-07T00:00:00.000Z,seed,Energy,Singapore,2012-08-31T16:00:00.000Z
2306201618,100000,2014-12-31T16:00:00.000Z,seed,Energy,Melbourne,2008-12-31T16:00:00.000Z
2306201626,50000,2003-04-25T16:00:00.000Z,seed,Energy,Melbourne,2011-12-31T16:00:00.000Z
23062016456,350000,2009-11-30T16:00:00.000Z,seed,Energy,Shenzhen,2009-12-30T16:00:00.000Z
23062016397,150000,2013-07-31T16:00:00.000Z,seed,Energy,Shenzhen,2013-08-30T16:00:00.000Z
23062016385,41250,2014-12-01T00:00:00.000Z,seed,Energy,Hong Kong,2013-12-31T16:00:00.000Z
2306201628,100000,2014-12-31T16:00:00.000Z,seed,Energy,Melbourne,2010-12-31T16:00:00.000Z
23062016426,46599,2014-08-05T00:00:00.000Z,seed,Energy,Sydney,2012-12-31T16:00:00.000Z
23062016468,2000000,2015-07-13T16:00:00.000Z,a,Energy,Beijing,2014-05-30T16:00:00.000Z
23062016514,200000,2015-07-30T16:00:00.000Z,a,Energy,Beijing,2008-12-30T16:00:00.000Z
230620161012,5000000,2009-06-16T00:00:00.000Z,b,Enterprise Solutions,Taipei,2004-12-31T16:00:00.000Z
230620161004,22000,2007-09-01T00:00:00.000Z,seed,Enterprise Solutions,Singapore,2010-12-30T16:00:00.000Z
230620161019,12501,2014-01-01T00:00:00.000Z,seed,Enterprise Solutions,Hong Kong,2013-12-31T16:00:00.000Z
230620161046,920000,2014-09-30T16:00:00.000Z,seed,Enterprise Solutions,Melbourne,2013-10-19T16:00:00.000Z
230620161042,3200000,2014-04-24T00:00:00.000Z,b,Enterprise Solutions,Singapore,2005-12-31T16:00:00.000Z
230620161089,250000,2011-08-31T16:00:00.000Z,seed,Enterprise Solutions,Shenzhen,
230620161101,1200000,2015-06-04T00:00:00.000Z,a,Enterprise Solutions,Singapore,2012-12-31T16:00:00.000Z
230620161021,72310,2015-03-24T16:00:00.000Z,seed,Enterprise Solutions,Sydney,2013-12-31T16:00:00.000Z
230620161053,150000,2013-12-31T16:00:00.000Z,seed,Enterprise Solutions,Sydney,2014-06-30T16:00:00.000Z
230620161054,50000,2013-05-31T16:00:00.000Z,seed,Enterprise Solutions,Sydney,2012-04-11T16:00:00.000Z
230620161028,4000000,2010-02-17T00:00:00.000Z,a,Enterprise Solutions,Melbourne,2008-08-31T16:00:00.000Z
230620161038,350000,2009-09-30T16:00:00.000Z,seed,Enterprise Solutions,Beijing,2009-09-30T16:00:00.000Z
230620161048,100000,2013-12-31T16:00:00.000Z,seed,Enterprise Solutions,Melbourne,2013-06-30T16:00:00.000Z
230620161067,50000,2015-03-09T00:00:00.000Z,seed,Enterprise Solutions,Sydney,2013-12-31T16:00:00.000Z
23062016105,200000,2012-05-31T16:00:00.000Z,seed,Enterprise Solutions,Shenzhen,2012-05-31T16:00:00.000Z
230620161063,110000,2012-12-31T00:00:00.000Z,seed,Enterprise Solutions,Sydney,2010-12-31T16:00:00.000Z
230620161092,200000,2013-03-29T16:00:00.000Z,seed,Enterprise Solutions,Beijing,2013-01-30T16:00:00.000Z
230620161027,4838000,2015-05-30T16:00:00.000Z,a,Enterprise Solutions,Shanghai,2015-01-31T16:00:00.000Z
230620161044,250000,2011-09-30T16:00:00.000Z,seed,Enterprise Solutions,Shenzhen,2011-09-30T16:00:00.000Z
230620161051,300000,2010-09-30T16:00:00.000Z,seed,Enterprise Solutions,Shenzhen,2010-09-30T16:00:00.000Z
230620161070,500000,2013-10-05T16:00:00.000Z,seed,Enterprise Solutions,Hong Kong,2011-12-31T16:00:00.000Z
230620161088,150000,2014-01-30T00:00:00.000Z,seed,Enterprise Solutions,Singapore,2013-06-09T16:00:00.000Z
230620161015,5000000,2015-02-10T16:00:00.000Z,a,Enterprise Solutions,Shanghai,2014-05-31T16:00:00.000Z
230620161017,400000,2008-12-31T16:00:00.000Z,seed,Enterprise Solutions,Sydney,2008-12-31T16:00:00.000Z
23062016111,2000000,2015-10-28T16:00:00.000Z,a,Enterprise Solutions,Beijing,2015-04-30T16:00:00.000Z
230620161120,150000,2014-01-31T16:00:00.000Z,seed,Enterprise Solutions,Hong Kong,2014-02-09T16:00:00.000Z
230620161134,2500000,2013-10-01T00:00:00.000Z,seed,Enterprise Solutions,New York,2006-12-31T16:00:00.000Z
230620161145,163000,2015-08-11T16:00:00.000Z,seed,Enterprise Solutions,Shanghai,
230620161174,2000000,2015-05-24T16:00:00.000Z,a,Enterprise Solutions,Beijing,2002-06-30T16:00:00.000Z
230620161207,780923,2015-12-03T16:00:00.000Z,seed,Enterprise Solutions,Shenzhen,2015-02-27T16:00:00.000Z
230620161154,1000000,2012-05-17T00:00:00.000Z,seed,Enterprise Solutions,Melbourne,2011-04-30T16:00:00.000Z
230620161129,1000000,2012-09-25T00:00:00.000Z,a,Enterprise Solutions,Hong Kong,2009-12-31T16:00:00.000Z
230620161180,335000,2013-02-28T16:00:00.000Z,seed,Enterprise Solutions,Hong Kong,2013-10-31T16:00:00.000Z
230620161191,57067,2013-01-24T00:00:00.000Z,seed,Enterprise Solutions,Sydney,2007-04-30T16:00:00.000Z
230620161122,150000,2012-06-17T16:00:00.000Z,seed,Enterprise Solutions,Melbourne,2012-04-30T16:00:00.000Z
230620161210,600000,2014-05-12T00:00:00.000Z,seed,Enterprise Solutions,Sydney,2013-01-31T16:00:00.000Z
230620161131,200000,2011-12-31T16:00:00.000Z,seed,Enterprise Solutions,Taipei,2011-12-31T16:00:00.000Z
230620161137,150000,2014-04-01T16:00:00.000Z,seed,Enterprise Solutions,Melbourne,2013-12-31T16:00:00.000Z
230620161167,250000,2012-12-31T00:00:00.000Z,seed,Enterprise Solutions,Sydney,2010-12-31T16:00:00.000Z
230620161124,972233,2015-02-10T00:00:00.000Z,seed,Enterprise Solutions,Sydney,2011-12-31T16:00:00.000Z
230620161197,100000,2014-12-31T16:00:00.000Z,seed,Enterprise Solutions,Singapore,
230620161118,800000,2015-08-31T16:00:00.000Z,seed,Enterprise Solutions,Hong Kong,2014-04-01T16:00:00.000Z
230620161165,100000,2015-01-31T16:00:00.000Z,seed,Enterprise Solutions,Sydney,2015-01-31T16:00:00.000Z
230620161184,100000,2015-08-12T16:00:00.000Z,seed,Enterprise Solutions,Sydney,2015-08-31T16:00:00.000Z
230620161199,100000,2013-12-31T16:00:00.000Z,seed,Enterprise Solutions,Sydney,2013-12-31T16:00:00.000Z
230620161183,170000,2012-08-11T16:00:00.000Z,seed,Enterprise Solutions,Beijing,2012-10-31T16:00:00.000Z
230620161152,200000,2012-06-30T16:00:00.000Z,seed,Enterprise Solutions,Shenzhen,2012-07-30T16:00:00.000Z
230620161161,11700,2013-08-29T00:00:00.000Z,seed,Enterprise Solutions,Singapore,2014-01-06T16:00:00.000Z
230620161201,41250,2014-07-01T00:00:00.000Z,seed,Enterprise Solutions,Hong Kong,2013-05-31T16:00:00.000Z
230620161220,2000000,2006-11-01T00:00:00.000Z,a,Enterprise Solutions,Singapore,2005-12-31T16:00:00.000Z
230620161239,100000,2012-01-01T00:00:00.000Z,seed,Enterprise Solutions,Singapore,2009-12-31T16:00:00.000Z
230620161251,1500000,2015-09-02T00:00:00.000Z,seed,Enterprise Solutions,Hong Kong,2013-12-31T16:00:00.000Z
230620161253,170000,2015-07-08T16:00:00.000Z,seed,Enterprise Solutions,Shanghai,2015-06-30T16:00:00.000Z
230620161255,100000,2014-08-06T00:00:00.000Z,seed,Enterprise Solutions,Sydney,2013-12-31T16:00:00.000Z
230620161228,170000,2014-12-11T16:00:00.000Z,seed,Enterprise Solutions,Beijing,2014-10-31T16:00:00.000Z
230620161217,2000000,2015-03-31T16:00:00.000Z,a,Enterprise Solutions,Shanghai,2014-03-31T16:00:00.000Z
23062016122,3000000,2013-05-07T00:00:00.000Z,seed,Enterprise Solutions,Sydney,2011-12-31T16:00:00.000Z
230620161235,100000,2015-11-10T00:00:00.000Z,seed,Enterprise Solutions,Taipei,2014-12-31T16:00:00.000Z
230620161236,200000,2012-09-09T16:00:00.000Z,seed,Enterprise Solutions,Melbourne,2008-12-31T16:00:00.000Z
23062016125,100000,2014-12-31T16:00:00.000Z,seed,Enterprise Solutions,Singapore,2012-12-31T16:00:00.000Z
23062016123,2000000,2015-12-16T00:00:00.000Z,a,Enterprise Solutions,Singapore,2011-02-28T16:00:00.000Z
230620161248,10000,2012-04-17T00:00:00.000Z,seed,Enterprise Solutions,Singapore,
230620161258,500000,2013-12-01T00:00:00.000Z,seed,Enterprise Solutions,Singapore,2013-11-30T16:00:00.000Z
230620161254,150000,2013-11-12T16:00:00.000Z,seed,Enterprise Solutions,Taipei,
230620161288,9000000,2015-03-24T00:00:00.000Z,a,Enterprise Solutions,Taipei,2012-12-31T16:00:00.000Z
230620161268,307000,2015-04-23T16:00:00.000Z,seed,Enterprise Solutions,Singapore,
23062016134,1600000,2015-06-11T16:00:00.000Z,seed,Enterprise Solutions,Shanghai,
23062016160,6500000,2012-11-28T00:00:00.000Z,a,Enterprise Solutions,Singapore,2012-10-31T16:00:00.000Z
230620161312,3225000,2015-07-21T16:00:00.000Z,seed,Enterprise Solutions,Shanghai,2010-02-28T16:00:00.000Z
23062016204,100000,2011-10-01T00:00:00.000Z,seed,Enterprise Solutions,Hong Kong,2011-01-17T16:00:00.000Z
230620161284,520000,2013-01-11T00:00:00.000Z,seed,Enterprise Solutions,Singapore,2011-06-30T16:00:00.000Z
23062016140,150000,2012-12-31T16:00:00.000Z,seed,Enterprise Solutions,Shenzhen,2012-12-31T16:00:00.000Z
230620161305,2000000,2011-07-10T16:00:00.000Z,a,Enterprise Solutions,Shanghai,2005-08-30T16:00:00.000Z
23062016170,1612000,2015-06-10T16:00:00.000Z,a,Enterprise Solutions,Shanghai,2012-10-31T16:00:00.000Z
23062016198,35000000,2011-04-28T00:00:00.000Z,a,Enterprise Solutions,Melbourne,2008-01-31T16:00:00.000Z
2306201621,150000,2013-04-30T16:00:00.000Z,seed,Enterprise Solutions,Shanghai,2013-04-30T16:00:00.000Z
2306201619,1600000,2015-04-30T16:00:00.000Z,seed,Enterprise Solutions,Shanghai,2013-08-31T16:00:00.000Z
230620161280,10000000,2014-10-21T16:00:00.000Z,a,Enterprise Solutions,Shanghai,2012-07-31T16:00:00.000Z
230620161314,100000,2014-12-31T16:00:00.000Z,seed,Enterprise Solutions,Hong Kong,2013-10-16T16:00:00.000Z
230620161296,100000,2015-07-31T16:00:00.000Z,seed,Enterprise Solutions,Beijing,2015-07-31T16:00:00.000Z
2306201613,150000,2013-05-31T16:00:00.000Z,seed,Enterprise Solutions,Shenzhen,2013-05-31T16:00:00.000Z
230620161285,6000000,2014-06-18T00:00:00.000Z,a,Enterprise Solutions,Taipei,2011-12-31T16:00:00.000Z
230620161325,170000,2015-01-03T16:00:00.000Z,seed,Enterprise Solutions,Beijing,2014-12-31T16:00:00.000Z
23062016164,150000,2013-12-31T16:00:00.000Z,seed,Enterprise Solutions,Taipei,2013-12-31T16:00:00.000Z
230620161273,50000,2015-01-31T16:00:00.000Z,seed,Enterprise Solutions,Beijing,2015-01-31T16:00:00.000Z
230620161318,129000,2014-10-31T16:00:00.000Z,seed,Enterprise Solutions,Hong Kong,2014-09-30T16:00:00.000Z
23062016158,4700000,2013-10-03T00:00:00.000Z,seed,Enterprise Solutions,Sydney,2011-12-31T16:00:00.000Z
230620161301,300000,2011-04-30T16:00:00.000Z,seed,Enterprise Solutions,Melbourne,2011-04-30T16:00:00.000Z
23062016213,1200000,2015-08-24T00:00:00.000Z,seed,Enterprise Solutions,Taipei,2008-12-31T16:00:00.000Z
230620161297,100000,2014-10-31T16:00:00.000Z,seed,Enterprise Solutions,Singapore,2012-09-19T16:00:00.000Z
230620161310,480000,2012-10-29T00:00:00.000Z,seed,Enterprise Solutions,Singapore,2011-11-30T16:00:00.000Z
23062016183,470000,2014-11-20T00:00:00.000Z,seed,Enterprise Solutions,Singapore,2008-12-31T16:00:00.000Z
23062016227,120000,2015-08-25T00:00:00.000Z,seed,Enterprise Solutions,Hong Kong,2014-12-31T16:00:00.000Z
23062016236,50000,2013-04-30T00:00:00.000Z,seed,Enterprise Solutions,Sydney,2010-12-31T16:00:00.000Z
2306201623,1700000,2015-02-15T16:00:00.000Z,a,Enterprise Solutions,Shanghai,2005-12-31T16:00:00.000Z
23062016228,1000000,2014-09-04T00:00:00.000Z,seed,Enterprise Solutions,Taipei,2013-08-26T16:00:00.000Z
23062016234,1200000,2013-01-10T00:00:00.000Z,a,Enterprise Solutions,Hong Kong,2016-05-31T16:00:00.000Z
2306201625,200000,2013-08-13T16:00:00.000Z,seed,Enterprise Solutions,Shanghai,2012-08-31T16:00:00.000Z
23062016239,1700000,2012-07-13T00:00:00.000Z,a,Enterprise Solutions,Singapore,
2306201622,4200000,2016-08-04T00:00:00.000Z,b,Enterprise Solutions,Sydney,2012-12-30T16:00:00.000Z
23062016218,31600000,2011-11-30T16:00:00.000Z,seed,Enterprise Solutions,Sydney,2003-02-02T16:00:00.000Z
23062016270,300000,2010-06-30T16:00:00.000Z,seed,Enterprise Solutions,Shenzhen,2010-06-30T16:00:00.000Z
23062016268,3710000,2008-06-10T00:00:00.000Z,a,Enterprise Solutions,Sydney,2008-12-31T16:00:00.000Z
23062016276,2000000,2015-08-13T16:00:00.000Z,a,Enterprise Solutions,Beijing,2001-02-28T16:00:00.000Z
2306201627,20000000,2014-04-01T00:00:00.000Z,a,Enterprise Solutions,Sydney,2002-04-28T16:00:00.000Z
23062016275,6260000,2015-10-19T16:00:00.000Z,a,Enterprise Solutions,Beijing,2006-04-30T16:00:00.000Z
23062016299,100000,2014-12-31T16:00:00.000Z,seed,Enterprise Solutions,Hong Kong,2014-12-30T16:00:00.000Z
23062016359,1000000,2015-04-13T00:00:00.000Z,seed,Enterprise Solutions,Singapore,2014-05-31T16:00:00.000Z
23062016448,150000,2013-08-12T16:00:00.000Z,seed,Enterprise Solutions,Taipei,2008-09-29T16:00:00.000Z
23062016375,500000,2012-10-05T00:00:00.000Z,seed,Enterprise Solutions,Singapore,2009-12-31T16:00:00.000Z
23062016425,200000,2012-05-31T16:00:00.000Z,seed,Enterprise Solutions,Shenzhen,2012-05-31T16:00:00.000Z
23062016356,100000,2014-12-31T16:00:00.000Z,seed,Enterprise Solutions,Singapore,2010-12-31T16:00:00.000Z
23062016413,100000,2014-02-28T16:00:00.000Z,seed,Enterprise Solutions,Shenzhen,
23062016421,100000,2014-03-31T16:00:00.000Z,seed,Enterprise Solutions,Shenzhen,
23062016435,1560000,2015-08-18T16:00:00.000Z,a,Enterprise Solutions,Beijing,2014-07-31T16:00:00.000Z
23062016302,41000000,2015-07-26T16:00:00.000Z,b,Enterprise Solutions,Beijing,2014-06-29T16:00:00.000Z
23062016414,200000,2012-12-31T16:00:00.000Z,seed,Enterprise Solutions,Shenzhen,2012-12-31T16:00:00.000Z
23062016283,2000000,2014-01-17T16:00:00.000Z,a,Enterprise Solutions,Shanghai,2012-09-30T16:00:00.000Z
23062016444,170000,2014-07-15T16:00:00.000Z,seed,Enterprise Solutions,Beijing,2013-06-30T16:00:00.000Z
23062016351,478000,2013-09-30T16:00:00.000Z,seed,Enterprise Solutions,Singapore,2012-12-31T16:00:00.000Z
23062016355,600000,2014-11-01T00:00:00.000Z,seed,Enterprise Solutions,Singapore,2012-12-31T16:00:00.000Z
23062016420,1500000,2014-03-31T16:00:00.000Z,seed,Enterprise Solutions,Shenzhen,2014-04-29T16:00:00.000Z
23062016447,2000000,2014-12-14T16:00:00.000Z,a,Enterprise Solutions,Beijing,2006-10-31T16:00:00.000Z
230620163,550000,2013-12-31T16:00:00.000Z,seed,Enterprise Solutions,Shenzhen,2004-06-30T16:00:00.000Z
23062016297,778000,2014-02-08T16:00:00.000Z,seed,Enterprise Solutions,Singapore,
23062016345,50000,2013-12-31T16:00:00.000Z,seed,Enterprise Solutions,Singapore,2013-12-31T16:00:00.000Z
23062016364,420000,2013-04-30T16:00:00.000Z,seed,Enterprise Solutions,Singapore,2012-12-31T16:00:00.000Z
23062016422,9000000,2007-12-31T16:00:00.000Z,a,Enterprise Solutions,Shenzhen,2005-04-30T16:00:00.000Z
23062016394,100000,2013-12-31T16:00:00.000Z,seed,Enterprise Solutions,Shenzhen,2013-12-31T16:00:00.000Z
23062016439,2280000,2015-08-27T16:00:00.000Z,seed,Enterprise Solutions,Beijing,2015-05-31T16:00:00.000Z
23062016463,170000,2014-11-02T16:00:00.000Z,seed,Enterprise Solutions,Beijing,2013-07-31T16:00:00.000Z
23062016290,15000,2013-02-06T00:00:00.000Z,seed,Enterprise Solutions,Hong Kong,2012-10-31T16:00:00.000Z
23062016336,170000,2015-01-25T16:00:00.000Z,seed,Enterprise Solutions,Shenzhen,2015-03-30T16:00:00.000Z
23062016348,368000,2015-02-06T16:00:00.000Z,seed,Enterprise Solutions,Singapore,2013-12-31T16:00:00.000Z
2306201638,170000,2014-08-26T16:00:00.000Z,seed,Enterprise Solutions,Beijing,2014-02-28T16:00:00.000Z
2306201639,150000,2012-12-31T16:00:00.000Z,b,Enterprise Solutions,Shanghai,
23062016411,163309,2013-10-01T00:00:00.000Z,seed,Enterprise Solutions,Shenzhen,2013-10-31T16:00:00.000Z
23062016334,200000,2012-06-30T16:00:00.000Z,seed,Enterprise Solutions,Shenzhen,2012-06-30T16:00:00.000Z
23062016387,41250,2013-09-30T00:00:00.000Z,seed,Enterprise Solutions,Hong Kong,2013-03-19T16:00:00.000Z
23062016352,850000,2014-11-14T00:00:00.000Z,seed,Enterprise Solutions,Singapore,2012-12-31T16:00:00.000Z
23062016429,250000,2011-07-31T16:00:00.000Z,seed,Enterprise Solutions,Shenzhen,
23062016407,250000,2011-06-30T16:00:00.000Z,seed,Enterprise Solutions,Shenzhen,
23062016451,2000000,2014-11-07T16:00:00.000Z,a,Enterprise Solutions,Beijing,2014-06-30T16:00:00.000Z
23062016462,1608260,2014-04-17T16:00:00.000Z,a,Enterprise Solutions,Shenzhen,2014-03-30T16:00:00.000Z
23062016465,2000000,2015-07-09T16:00:00.000Z,a,Enterprise Solutions,Beijing,2003-05-31T16:00:00.000Z
2306201637,10000000,2011-08-19T00:00:00.000Z,seed,Enterprise Solutions,Singapore,2010-04-01T16:00:00.000Z
23062016369,200000,2015-01-19T16:00:00.000Z,seed,Enterprise Solutions,Singapore,2012-01-01T16:00:00.000Z
23062016377,300000,2011-02-28T16:00:00.000Z,seed,Enterprise Solutions,Singapore,2011-02-28T16:00:00.000Z
230620164,200000,2011-11-30T16:00:00.000Z,seed,Enterprise Solutions,Beijing,2011-09-30T16:00:00.000Z
23062016443,4830000,2015-05-27T16:00:00.000Z,a,Enterprise Solutions,Beijing,2015-03-31T16:00:00.000Z
23062016358,19900,2014-05-01T00:00:00.000Z,seed,Enterprise Solutions,Singapore,2013-12-31T16:00:00.000Z
23062016372,150000,2013-12-31T16:00:00.000Z,seed,Enterprise Solutions,Singapore,2011-12-31T16:00:00.000Z
23062016408,250000,2011-08-31T16:00:00.000Z,seed,Enterprise Solutions,Shenzhen,
23062016427,200000,2013-06-09T16:00:00.000Z,seed,Enterprise Solutions,Shenzhen,2013-07-31T16:00:00.000Z
23062016476,250000,2011-04-30T16:00:00.000Z,seed,Enterprise Solutions,Beijing,
2306201648,2000000,2015-06-23T16:00:00.000Z,a,Enterprise Solutions,Shanghai,2014-11-23T16:00:00.000Z
23062016520,8064000,2015-07-12T16:00:00.000Z,a,Enterprise Solutions,Shanghai,2015-02-28T16:00:00.000Z
23062016518,2000000,2014-03-25T16:00:00.000Z,a,Enterprise Solutions,Beijing,2011-06-29T16:00:00.000Z
23062016522,22000000,2014-12-30T16:00:00.000Z,a,Enterprise Solutions,Hong Kong,2012-03-31T16:00:00.000Z
23062016543,5000000,2006-07-31T16:00:00.000Z,b,Enterprise Solutions,Shanghai,2004-09-30T16:00:00.000Z
230620165,12500000,2016-01-31T16:00:00.000Z,seed,Enterprise Solutions,Singapore,2015-12-31T16:00:00.000Z
23062016545,10000000,2014-11-29T16:00:00.000Z,b,Enterprise Solutions,Shanghai,2009-08-31T16:00:00.000Z
23062016549,10000000,2011-11-10T16:00:00.000Z,b,Enterprise Solutions,Shanghai,2000-02-29T16:00:00.000Z
23062016611,200000,2012-12-31T16:00:00.000Z,seed,Enterprise Solutions,Sydney,2012-12-31T16:00:00.000Z
2306201656,2000000,2015-02-11T16:00:00.000Z,a,Enterprise Solutions,Shanghai,2014-09-29T16:00:00.000Z
23062016604,60000000,2010-07-14T00:00:00.000Z,c,Enterprise Solutions,Sydney,2001-12-31T16:00:00.000Z
23062016519,2580000,2015-06-06T16:00:00.000Z,a,Enterprise Solutions,Shanghai,2014-02-28T16:00:00.000Z
2306201653,250000,2011-04-30T16:00:00.000Z,seed,Enterprise Solutions,Shenzhen,2011-04-30T16:00:00.000Z
23062016515,170000,2011-01-31T16:00:00.000Z,seed,Enterprise Solutions,Shanghai,2009-06-30T16:00:00.000Z
23062016575,1500000,2013-07-11T16:00:00.000Z,a,Enterprise Solutions,Shanghai,2013-06-30T16:00:00.000Z
23062016603,176000,2014-10-29T00:00:00.000Z,seed,Enterprise Solutions,Sydney,2012-06-19T16:00:00.000Z
23062016577,2000000,2011-01-10T16:00:00.000Z,a,Enterprise Solutions,Shanghai,2004-06-30T16:00:00.000Z
23062016586,3000000,2011-03-31T16:00:00.000Z,seed,Enterprise Solutions,Shanghai,2011-03-31T16:00:00.000Z
2306201655,5000000,2015-05-25T16:00:00.000Z,a,Enterprise Solutions,Shenzhen,2014-10-31T16:00:00.000Z
2306201659,170000,2014-12-29T16:00:00.000Z,seed,Enterprise Solutions,Beijing,2014-12-30T16:00:00.000Z
23062016592,170000,2013-06-11T16:00:00.000Z,seed,Enterprise Solutions,Shanghai,2012-12-31T16:00:00.000Z
23062016600,300000,2009-10-01T00:00:00.000Z,seed,Enterprise Solutions,Sydney,2007-12-31T16:00:00.000Z
23062016573,7000000,2011-05-31T16:00:00.000Z,a,Enterprise Solutions,Shanghai,2008-05-31T16:00:00.000Z
23062016618,1500000,2014-04-30T16:00:00.000Z,seed,Enterprise Solutions,Sydney,2013-12-31T16:00:00.000Z
23062016648,469533,2014-02-20T00:00:00.000Z,seed,Enterprise Solutions,Melbourne,2013-08-31T16:00:00.000Z
23062016638,400000,2007-12-31T16:00:00.000Z,seed,Enterprise Solutions,Melbourne,2007-12-31T16:00:00.000Z
23062016645,30000,2012-12-31T16:00:00.000Z,seed,Enterprise Solutions,Melbourne,2014-06-30T16:00:00.000Z
23062016657,250000,2012-03-01T16:00:00.000Z,seed,Enterprise Solutions,Melbourne,2012-01-31T16:00:00.000Z
23062016644,250000,2014-03-03T00:00:00.000Z,seed,Enterprise Solutions,Melbourne,2012-12-31T16:00:00.000Z
23062016649,4000000,2013-04-11T00:00:00.000Z,b,Enterprise Solutions,Melbourne,1995-12-31T16:00:00.000Z
23062016651,468741,2012-11-13T00:00:00.000Z,seed,Enterprise Solutions,Melbourne,2011-12-31T16:00:00.000Z
23062016661,100000,2014-08-31T16:00:00.000Z,seed,Enterprise Solutions,Melbourne,2014-08-31T16:00:00.000Z
23062016662,6300000,2015-03-04T00:00:00.000Z,a,Enterprise Solutions,Melbourne,2010-12-31T16:00:00.000Z
23062016646,2300000,2012-10-17T00:00:00.000Z,a,Enterprise Solutions,Melbourne,2011-02-14T16:00:00.000Z
23062016666,150000,2012-12-31T16:00:00.000Z,seed,Enterprise Solutions,Melbourne,2012-12-31T16:00:00.000Z
23062016670,750000,2014-11-30T16:00:00.000Z,seed,Enterprise Solutions,Melbourne,2012-05-01T16:00:00.000Z
23062016669,60000,2011-08-30T16:00:00.000Z,seed,Enterprise Solutions,Melbourne,2011-02-27T16:00:00.000Z
23062016617,50000,2012-09-01T00:00:00.000Z,seed,Enterprise Solutions,Sydney,2011-08-08T16:00:00.000Z
23062016674,150000,2012-12-31T16:00:00.000Z,seed,Enterprise Solutions,Melbourne,2014-12-31T16:00:00.000Z
23062016665,200000,2013-12-31T16:00:00.000Z,seed,Enterprise Solutions,Melbourne,2012-12-31T16:00:00.000Z
23062016664,46296,2014-03-28T00:00:00.000Z,seed,Enterprise Solutions,Melbourne,2010-12-31T16:00:00.000Z
23062016705,750000,2001-11-30T16:00:00.000Z,seed,Enterprise Solutions,Shenzhen,2001-11-30T16:00:00.000Z
23062016684,3990440,2013-08-13T00:00:00.000Z,seed,Enterprise Solutions,Singapore,
23062016699,48700,2006-07-31T16:00:00.000Z,seed,Enterprise Solutions,Singapore,2006-08-17T16:00:00.000Z
23062016710,4956950,2014-01-11T16:00:00.000Z,a,Enterprise Solutions,Shenzhen,2013-02-28T16:00:00.000Z
23062016727,250000000,2014-04-16T00:00:00.000Z,a,Enterprise Solutions,Sydney,2003-12-31T16:00:00.000Z
23062016737,418000,2015-08-18T00:00:00.000Z,seed,Enterprise Solutions,Singapore,2012-12-31T16:00:00.000Z
23062016691,3000000,2015-01-11T16:00:00.000Z,a,Enterprise Solutions,Shanghai,2013-05-31T16:00:00.000Z
23062016700,200000,2011-12-31T16:00:00.000Z,seed,Enterprise Solutions,Taipei,2012-04-11T16:00:00.000Z
23062016708,650000,2003-09-30T16:00:00.000Z,seed,Enterprise Solutions,Shenzhen,2003-09-30T16:00:00.000Z
23062016711,15500000,2012-09-25T00:00:00.000Z,a,Enterprise Solutions,Singapore,2007-12-31T16:00:00.000Z
23062016741,15000000,2011-08-01T00:00:00.000Z,a,Enterprise Solutions,Sydney,2008-12-31T16:00:00.000Z
23062016747,150000,2013-09-14T16:00:00.000Z,seed,Enterprise Solutions,Melbourne,2013-03-31T16:00:00.000Z
23062016761,36379,2015-12-02T00:00:00.000Z,seed,Enterprise Solutions,Melbourne,2013-12-31T16:00:00.000Z
2306201676,345000,2015-12-14T16:00:00.000Z,seed,Enterprise Solutions,Melbourne,2014-01-16T16:00:00.000Z
23062016787,574004,2010-08-25T00:00:00.000Z,a,Enterprise Solutions,Singapore,2009-02-03T16:00:00.000Z
23062016808,50000,2015-12-31T16:00:00.000Z,seed,Enterprise Solutions,Singapore,
23062016775,250000,2015-04-13T16:00:00.000Z,seed,Enterprise Solutions,Hong Kong,2013-12-30T16:00:00.000Z
23062016795,50901,2011-01-01T00:00:00.000Z,seed,Enterprise Solutions,Melbourne,2010-12-31T16:00:00.000Z
23062016833,100000,2013-05-28T00:00:00.000Z,seed,Enterprise Solutions,Hong Kong,2012-12-30T16:00:00.000Z
23062016827,150000,2013-03-17T16:00:00.000Z,seed,Enterprise Solutions,Melbourne,2012-08-30T16:00:00.000Z
23062016829,250000,2010-12-31T16:00:00.000Z,seed,Enterprise Solutions,Melbourne,1999-12-31T16:00:00.000Z
23062016797,250000,2013-12-31T16:00:00.000Z,seed,Enterprise Solutions,Melbourne,2012-01-31T16:00:00.000Z
23062016783,150000,2013-12-31T16:00:00.000Z,seed,Enterprise Solutions,Melbourne,2013-09-02T16:00:00.000Z
23062016823,2000000,2016-03-02T00:00:00.000Z,seed,Enterprise Solutions,Melbourne,2009-12-31T16:00:00.000Z
23062016817,250000,2010-12-31T16:00:00.000Z,seed,Enterprise Solutions,Melbourne,2010-11-30T16:00:00.000Z
23062016819,500000,2011-08-29T00:00:00.000Z,seed,Enterprise Solutions,Sydney,2011-03-03T16:00:00.000Z
23062016824,250000,2011-11-30T16:00:00.000Z,seed,Enterprise Solutions,Singapore,2010-12-31T16:00:00.000Z
23062016828,15000,2006-12-30T16:00:00.000Z,seed,Enterprise Solutions,Melbourne,2005-12-30T16:00:00.000Z
23062016789,370000,2015-06-30T16:00:00.000Z,seed,Enterprise Solutions,Singapore,2015-06-22T16:00:00.000Z
23062016799,150000,2013-12-31T16:00:00.000Z,seed,Enterprise Solutions,Melbourne,2013-12-30T16:00:00.000Z
23062016866,580000,2012-07-10T00:00:00.000Z,seed,Enterprise Solutions,Singapore,2009-12-31T16:00:00.000Z
23062016879,50000,2015-06-06T16:00:00.000Z,seed,Enterprise Solutions,Taipei,2014-11-29T16:00:00.000Z
23062016862,200000,2011-12-31T16:00:00.000Z,seed,Enterprise Solutions,Melbourne,2011-01-31T16:00:00.000Z
23062016853,50000,2015-12-31T16:00:00.000Z,seed,Enterprise Solutions,Melbourne,2015-02-28T16:00:00.000Z
23062016838,30850,2015-07-09T00:00:00.000Z,seed,Enterprise Solutions,Sydney,2015-03-31T16:00:00.000Z
23062016849,20000,2012-12-31T16:00:00.000Z,seed,Enterprise Solutions,Melbourne,2013-12-30T16:00:00.000Z
23062016869,120000,2014-12-01T00:00:00.000Z,seed,Enterprise Solutions,Hong Kong,2013-12-31T16:00:00.000Z
23062016864,500000,2013-03-14T00:00:00.000Z,a,Enterprise Solutions,Singapore,2011-10-31T16:00:00.000Z
230620161020,100000,2014-12-31T16:00:00.000Z,seed,Fashion & Beauty,Singapore,2014-12-30T16:00:00.000Z
230620161023,190000,2014-05-02T16:00:00.000Z,seed,Fashion & Beauty,Hong Kong,2013-12-31T16:00:00.000Z
230620161095,800000,2013-12-10T00:00:00.000Z,seed,Fashion & Beauty,Kuala Lumpur,2012-12-31T16:00:00.000Z
230620161117,33800,2014-12-31T16:00:00.000Z,seed,Fashion & Beauty,Singapore,2012-05-31T16:00:00.000Z
230620161185,1000000,2014-06-01T16:00:00.000Z,seed,Fashion & Beauty,Beijing,2013-06-29T16:00:00.000Z
23062016121,200000,2012-12-31T16:00:00.000Z,seed,Fashion & Beauty,Sydney,2013-02-28T16:00:00.000Z
230620161130,2000000,2013-12-31T16:00:00.000Z,a,Fashion & Beauty,Beijing,2012-06-29T16:00:00.000Z
23062016119,100000,2014-08-21T16:00:00.000Z,seed,Fashion & Beauty,Taipei,2013-12-31T16:00:00.000Z
230620161208,1370000,2013-01-21T00:00:00.000Z,a,Fashion & Beauty,Melbourne,2011-04-30T16:00:00.000Z
23062016124,1960000,2013-08-31T16:00:00.000Z,a,Fashion & Beauty,Shanghai,2012-10-31T16:00:00.000Z
230620161230,1620000,2016-05-19T00:00:00.000Z,seed,Fashion & Beauty,Hong Kong,2015-03-30T16:00:00.000Z
230620161249,50000,2014-04-15T16:00:00.000Z,seed,Fashion & Beauty,Melbourne,2012-05-31T16:00:00.000Z
230620161279,9433000,2015-09-14T16:00:00.000Z,a,Fashion & Beauty,Shanghai,2014-12-31T16:00:00.000Z
23062016214,50000,2009-03-31T16:00:00.000Z,seed,Fashion & Beauty,Sydney,2008-12-31T16:00:00.000Z
23062016143,2000000,2011-10-31T16:00:00.000Z,a,Fashion & Beauty,Shanghai,2014-08-31T16:00:00.000Z
230620161283,600000,2013-02-27T00:00:00.000Z,seed,Fashion & Beauty,Hong Kong,2013-10-31T16:00:00.000Z
23062016193,1000000,2014-10-17T00:00:00.000Z,seed,Fashion & Beauty,Hong Kong,2014-09-30T16:00:00.000Z
23062016207,170000,2014-05-31T16:00:00.000Z,seed,Fashion & Beauty,Shanghai,2014-05-31T16:00:00.000Z
230620161317,560000,2013-09-01T00:00:00.000Z,seed,Fashion & Beauty,Singapore,2012-09-30T16:00:00.000Z
23062016127,200000,2012-04-01T00:00:00.000Z,seed,Fashion & Beauty,Singapore,2012-01-31T16:00:00.000Z
23062016277,50000,2012-09-25T00:00:00.000Z,seed,Fashion & Beauty,Singapore,2012-02-29T16:00:00.000Z
23062016324,50000,2015-10-08T16:00:00.000Z,seed,Fashion & Beauty,Taipei,
23062016378,1600000,2013-02-18T00:00:00.000Z,a,Fashion & Beauty,Singapore,2012-10-14T16:00:00.000Z
23062016357,320000,2014-12-23T16:00:00.000Z,seed,Fashion & Beauty,Singapore,2012-12-31T16:00:00.000Z
23062016329,241585,2015-06-26T16:00:00.000Z,seed,Fashion & Beauty,Shenzhen,2013-09-30T16:00:00.000Z
23062016337,50000,2014-12-31T16:00:00.000Z,seed,Fashion & Beauty,Shenzhen,2015-01-30T16:00:00.000Z
23062016316,100000,2013-12-31T16:00:00.000Z,seed,Fashion & Beauty,Taipei,2013-12-31T16:00:00.000Z
23062016383,2000000,2013-04-05T00:00:00.000Z,a,Fashion & Beauty,Singapore,2011-07-06T16:00:00.000Z
23062016499,7844244,2015-09-04T16:00:00.000Z,a,Fashion & Beauty,Shanghai,2015-04-30T16:00:00.000Z
23062016474,170000,2014-09-30T16:00:00.000Z,seed,Fashion & Beauty,Beijing,2014-09-30T16:00:00.000Z
23062016601,200000,2013-10-30T00:00:00.000Z,seed,Fashion & Beauty,Sydney,2011-07-31T16:00:00.000Z
2306201657,2000000,2012-11-28T16:00:00.000Z,a,Fashion & Beauty,Beijing,2009-02-28T16:00:00.000Z
23062016563,2000000,2010-12-31T16:00:00.000Z,a,Fashion & Beauty,Shanghai,2008-05-31T16:00:00.000Z
23062016510,2000000,2015-07-14T16:00:00.000Z,a,Fashion & Beauty,Shanghai,2012-02-29T16:00:00.000Z
23062016602,200000,2012-12-31T16:00:00.000Z,seed,Fashion & Beauty,Sydney,2009-12-31T16:00:00.000Z
23062016671,250000,2011-03-19T16:00:00.000Z,seed,Fashion & Beauty,Melbourne,2011-03-19T16:00:00.000Z
23062016682,816473,2014-10-18T16:00:00.000Z,seed,Fashion & Beauty,Shanghai,2014-08-31T16:00:00.000Z
2306201674,10000000,2012-04-13T16:00:00.000Z,a,Fashion & Beauty,Shanghai,2010-04-30T16:00:00.000Z
23062016715,2000000,2010-11-30T16:00:00.000Z,a,Fashion & Beauty,Beijing,2009-10-31T16:00:00.000Z
23062016693,2000000,2015-01-31T16:00:00.000Z,seed,Fashion & Beauty,Shanghai,2014-12-31T16:00:00.000Z
23062016834,3500000,2015-12-03T00:00:00.000Z,seed,Fashion & Beauty,Singapore,2014-09-23T16:00:00.000Z
23062016102,15634000,2011-09-30T16:00:00.000Z,a,Finance,Shanghai,2009-03-30T16:00:00.000Z
23062016103,100000,2014-11-28T16:00:00.000Z,seed,Finance,Beijing,2014-08-30T16:00:00.000Z
23062016104,480945,2014-05-22T16:00:00.000Z,seed,Finance,Shenzhen,2013-09-30T16:00:00.000Z
23062016109,100000,2014-06-01T00:00:00.000Z,seed,Finance,Sydney,2014-05-31T16:00:00.000Z
230620161031,85620,2015-01-12T00:00:00.000Z,seed,Finance,Sydney,2014-12-31T16:00:00.000Z
23062016108,100000,2013-12-01T00:00:00.000Z,seed,Finance,Hong Kong,2014-10-30T16:00:00.000Z
230620161157,100000,2013-12-31T16:00:00.000Z,seed,Finance,Melbourne,2014-02-28T16:00:00.000Z
23062016118,5000000,2015-08-04T00:00:00.000Z,a,Finance,Sydney,2010-12-31T16:00:00.000Z
23062016130,16000,2015-04-11T00:00:00.000Z,seed,Finance,Singapore,2011-12-21T16:00:00.000Z
23062016154,170000,2014-04-17T16:00:00.000Z,seed,Finance,Shanghai,2014-04-29T16:00:00.000Z
23062016190,1000000,2014-10-31T16:00:00.000Z,seed,Finance,Melbourne,2013-06-30T16:00:00.000Z
23062016171,100000,2014-03-31T16:00:00.000Z,seed,Finance,Shenzhen,2014-04-28T16:00:00.000Z
23062016199,2000000,2015-07-21T16:00:00.000Z,a,Finance,Beijing,2015-04-29T16:00:00.000Z
23062016201,2000000,2015-07-28T16:00:00.000Z,a,Finance,Shanghai,2014-06-29T16:00:00.000Z
23062016192,1840000,2013-09-25T16:00:00.000Z,seed,Finance,Singapore,2012-12-30T16:00:00.000Z
23062016206,170000,2014-03-30T16:00:00.000Z,seed,Finance,Beijing,2014-02-28T16:00:00.000Z
23062016195,16129032,2015-08-31T16:00:00.000Z,a,Finance,Beijing,
23062016153,100000,2014-06-30T16:00:00.000Z,seed,Finance,Beijing,2014-07-30T16:00:00.000Z
23062016162,100000,2015-01-27T16:00:00.000Z,seed,Finance,Singapore,2014-12-02T16:00:00.000Z
23062016177,5792000,2015-10-24T16:00:00.000Z,a,Finance,Shanghai,2015-08-30T16:00:00.000Z
23062016166,550000,2004-12-31T16:00:00.000Z,seed,Finance,Shenzhen,2005-01-30T16:00:00.000Z
23062016212,2000000,2014-06-30T16:00:00.000Z,a,Finance,Shanghai,2014-04-29T16:00:00.000Z
23062016142,500000,2015-04-29T16:00:00.000Z,seed,Finance,Singapore,2016-01-30T16:00:00.000Z
23062016133,2910000,2014-07-31T16:00:00.000Z,seed,Finance,Melbourne,2013-12-31T16:00:00.000Z
23062016156,2000000,2014-08-31T16:00:00.000Z,a,Finance,Shanghai,2013-11-29T16:00:00.000Z
23062016194,5000000,2014-11-19T00:00:00.000Z,a,Finance,Hong Kong,
23062016139,1800000,2012-12-01T16:00:00.000Z,seed,Finance,Hong Kong,2009-12-30T16:00:00.000Z
23062016189,50000,2012-12-30T16:00:00.000Z,seed,Finance,Sydney,2012-11-30T16:00:00.000Z
23062016145,500000,2013-08-19T16:00:00.000Z,seed,Finance,Melbourne,2013-08-30T16:00:00.000Z
23062016152,200000,2011-12-31T16:00:00.000Z,seed,Finance,Sydney,2009-12-31T16:00:00.000Z
23062016147,350000,2009-06-30T16:00:00.000Z,seed,Finance,Shenzhen,2009-07-30T16:00:00.000Z
23062016175,10000000,2015-11-02T16:00:00.000Z,a,Finance,Shanghai,2015-01-30T16:00:00.000Z
23062016184,2000000,2014-08-14T16:00:00.000Z,a,Finance,Shanghai,2013-06-29T16:00:00.000Z
23062016159,170000,2015-01-24T16:00:00.000Z,seed,Finance,Beijing,2014-12-30T16:00:00.000Z
23062016172,65000000,2015-11-04T16:00:00.000Z,a,Finance,Beijing,2015-01-30T16:00:00.000Z
23062016215,1641000,2013-11-30T16:00:00.000Z,a,Finance,Shanghai,2011-10-30T16:00:00.000Z
23062016225,2000000,2014-10-27T16:00:00.000Z,a,Finance,Beijing,2014-08-30T16:00:00.000Z
23062016240,10000000,2015-01-20T16:00:00.000Z,a,Finance,Shanghai,2013-09-29T16:00:00.000Z
23062016219,10000000,2012-03-09T00:00:00.000Z,a,Finance,Hong Kong,2010-12-30T16:00:00.000Z
23062016245,20000000,2015-01-08T00:00:00.000Z,a,Finance,Hong Kong,2013-01-24T16:00:00.000Z
23062016255,1000000,2011-01-01T00:00:00.000Z,a,Finance,Singapore,2003-07-31T16:00:00.000Z
23062016231,2310000,2005-01-05T16:00:00.000Z,seed,Finance,Beijing,2005-05-31T16:00:00.000Z
23062016244,2000000,2015-07-14T16:00:00.000Z,a,Finance,Beijing,2013-09-29T16:00:00.000Z
23062016251,900000,2012-01-01T00:00:00.000Z,seed,Finance,Singapore,2011-12-30T16:00:00.000Z
23062016256,150000,2013-12-31T16:00:00.000Z,seed,Finance,Sydney,2012-12-31T16:00:00.000Z
23062016235,500000,2014-12-01T00:00:00.000Z,seed,Finance,Hong Kong,2014-12-30T16:00:00.000Z
23062016238,710868,2015-08-17T00:00:00.000Z,a,Finance,Singapore,2013-12-31T16:00:00.000Z
23062016226,3000000,2015-04-09T16:00:00.000Z,a,Finance,Shenzhen,2013-08-30T16:00:00.000Z
23062016252,100000,2013-12-31T16:00:00.000Z,seed,Finance,Hong Kong,2014-09-29T16:00:00.000Z
23062016243,2000000,2015-04-13T16:00:00.000Z,a,Finance,Beijing,2014-09-29T16:00:00.000Z
23062016272,1500000,2012-12-30T16:00:00.000Z,seed,Finance,Singapore,2011-12-31T16:00:00.000Z
23062016273,200000,2011-12-31T16:00:00.000Z,seed,Finance,Melbourne,2011-12-31T16:00:00.000Z
23062016262,12500,2014-07-01T00:00:00.000Z,seed,Finance,Hong Kong,
23062016265,150000,2013-11-26T00:00:00.000Z,seed,Finance,Melbourne,2013-10-31T16:00:00.000Z
23062016292,2300000,2011-03-10T16:00:00.000Z,seed,Finance,Hong Kong,2011-12-30T16:00:00.000Z
23062016284,50000,2015-12-31T16:00:00.000Z,seed,Finance,Hong Kong,
23062016293,250000,2010-12-31T16:00:00.000Z,seed,Finance,Melbourne,2009-12-31T16:00:00.000Z
23062016304,500000,2013-10-20T00:00:00.000Z,seed,Finance,Sydney,2012-09-30T16:00:00.000Z
23062016305,1500000,2013-12-27T16:00:00.000Z,seed,Finance,Shanghai,2012-04-29T16:00:00.000Z
23062016335,200000,2012-12-31T16:00:00.000Z,seed,Finance,Sydney,2009-12-31T16:00:00.000Z
23062016340,2000000,2015-10-25T16:00:00.000Z,a,Finance,Shanghai,2015-03-30T16:00:00.000Z
23062016308,578000,2015-06-10T00:00:00.000Z,seed,Finance,Sydney,2014-05-31T16:00:00.000Z
2306201640,2000000,2014-11-30T16:00:00.000Z,seed,Finance,Singapore,2014-05-30T16:00:00.000Z
23062016320,170000,2014-10-19T16:00:00.000Z,seed,Finance,Beijing,2014-05-30T16:00:00.000Z
23062016322,170000,2015-03-30T16:00:00.000Z,seed,Finance,Shanghai,2015-03-30T16:00:00.000Z
23062016310,1000000,2015-09-28T00:00:00.000Z,seed,Finance,Melbourne,2013-12-31T16:00:00.000Z
23062016347,775000,2013-07-11T00:00:00.000Z,seed,Finance,Singapore,2013-07-10T16:00:00.000Z
23062016294,500000,2006-06-05T16:00:00.000Z,seed,Finance,Beijing,2014-05-31T16:00:00.000Z
23062016319,50000,2015-05-31T16:00:00.000Z,seed,Finance,Beijing,2015-06-29T16:00:00.000Z
2306201642,4000000,2014-07-31T00:00:00.000Z,seed,Finance,Singapore,2013-12-30T16:00:00.000Z
23062016325,1610000,2014-11-24T16:00:00.000Z,seed,Finance,Beijing,2014-07-30T16:00:00.000Z
23062016291,100000,2014-12-31T16:00:00.000Z,seed,Finance,Singapore,2014-07-31T16:00:00.000Z
23062016298,3000000,2014-01-01T00:00:00.000Z,seed,Finance,Hong Kong,2014-12-30T16:00:00.000Z
23062016301,240000,2014-06-30T16:00:00.000Z,seed,Finance,Singapore,2013-12-30T16:00:00.000Z
2306201635,70000,2015-05-31T16:00:00.000Z,seed,Finance,Taipei,2014-11-29T16:00:00.000Z
23062016289,1000000,2013-01-31T16:00:00.000Z,seed,Finance,Sydney,2012-10-13T16:00:00.000Z
23062016309,250000,2014-11-30T16:00:00.000Z,seed,Finance,Sydney,2013-03-31T16:00:00.000Z
2306201636,150000,2012-12-31T16:00:00.000Z,seed,Finance,Shenzhen,2013-01-30T16:00:00.000Z
23062016285,200000,2011-12-31T16:00:00.000Z,seed,Finance,Singapore,2012-08-07T16:00:00.000Z
23062016306,170000,2015-01-23T16:00:00.000Z,seed,Finance,Shanghai,2014-10-30T16:00:00.000Z
2306201633,8000000,2012-01-04T00:00:00.000Z,a,Finance,Hong Kong,2011-12-30T16:00:00.000Z
23062016313,4300000,2015-08-23T00:00:00.000Z,seed,Finance,Melbourne,2010-12-31T16:00:00.000Z
23062016361,11700000,2013-10-21T00:00:00.000Z,b,Finance,Singapore,2010-12-30T16:00:00.000Z
23062016287,2000000,2015-10-06T00:00:00.000Z,a,Finance,Singapore,2008-12-31T16:00:00.000Z
23062016317,500000,2015-11-01T00:00:00.000Z,seed,Finance,Singapore,
23062016318,170000,2015-05-06T16:00:00.000Z,seed,Finance,Beijing,2015-03-30T16:00:00.000Z
23062016321,2000000,2012-12-08T16:00:00.000Z,a,Finance,Shanghai,2007-07-30T16:00:00.000Z
2306201643,250000,2010-12-31T16:00:00.000Z,a,Finance,Shanghai,2011-05-30T16:00:00.000Z
2306201649,1127000,2015-06-05T16:00:00.000Z,a,Finance,Shanghai,2011-06-29T16:00:00.000Z
2306201652,2000000,2013-04-26T16:00:00.000Z,a,Finance,Beijing,2007-06-29T16:00:00.000Z
2306201660,2000000,2013-01-12T16:00:00.000Z,a,Finance,Shanghai,2011-08-31T16:00:00.000Z
2306201651,2078740,2015-09-29T16:00:00.000Z,a,Finance,Beijing,2015-04-29T16:00:00.000Z
2306201650,1000000,2016-01-27T00:00:00.000Z,a,Finance,Singapore,2014-12-30T16:00:00.000Z
23062016579,4000000,2012-10-31T16:00:00.000Z,a,Finance,Beijing,2014-11-29T16:00:00.000Z
2306201668,400000,2015-04-27T00:00:00.000Z,seed,Finance,Sydney,2011-12-30T16:00:00.000Z
2306201667,500000,2016-06-30T16:00:00.000Z,seed,Finance,Singapore,2014-12-31T16:00:00.000Z
2306201672,200000,2011-12-31T16:00:00.000Z,seed,Finance,Melbourne,2010-05-04T16:00:00.000Z
2306201673,100000,2013-11-30T16:00:00.000Z,seed,Finance,Hong Kong,2013-11-30T16:00:00.000Z
23062016723,100000,2015-03-31T16:00:00.000Z,seed,Finance,Hong Kong,2014-08-31T16:00:00.000Z
2306201671,75000,2010-09-01T00:00:00.000Z,seed,Finance,Singapore,2010-05-31T16:00:00.000Z
2306201678,150000,2013-05-31T16:00:00.000Z,seed,Finance,Hong Kong,
2306201683,100000,2014-04-30T16:00:00.000Z,seed,Finance,Hong Kong,2015-11-29T16:00:00.000Z
2306201687,100000,2014-11-01T00:00:00.000Z,seed,Finance,Singapore,
2306201688,10000000,2013-11-01T16:00:00.000Z,seed,Finance,Hong Kong,2013-12-30T16:00:00.000Z
2306201686,700000,2015-01-31T16:00:00.000Z,seed,Finance,Hong Kong,2013-12-30T16:00:00.000Z
23062016860,736830,2015-02-11T16:00:00.000Z,a,Finance,Singapore,2013-04-30T16:00:00.000Z
2306201685,41250,2014-07-01T00:00:00.000Z,seed,Finance,Hong Kong,
230620161106,57190,2015-04-01T00:00:00.000Z,seed,Food & Beverage,Sydney,2015-08-31T16:00:00.000Z
230620161116,170000,2015-01-08T16:00:00.000Z,seed,Food & Beverage,Shanghai,2014-06-30T16:00:00.000Z
230620161187,484000,2015-01-12T16:00:00.000Z,seed,Food & Beverage,Shenzhen,2015-04-30T16:00:00.000Z
230620161169,1563000,2015-08-18T16:00:00.000Z,seed,Food & Beverage,Beijing,2013-05-30T16:00:00.000Z
230620161170,798770,2014-10-28T16:00:00.000Z,seed,Food & Beverage,Shanghai,2014-08-31T16:00:00.000Z
230620161162,150000,2013-12-31T16:00:00.000Z,seed,Food & Beverage,Taipei,2013-12-31T16:00:00.000Z
230620161176,100000,2012-12-31T16:00:00.000Z,seed,Food & Beverage,Beijing,2014-12-31T16:00:00.000Z
230620161206,2000000,2015-08-17T16:00:00.000Z,seed,Food & Beverage,Shanghai,2015-06-30T16:00:00.000Z
230620161257,170000,2014-05-11T16:00:00.000Z,seed,Food & Beverage,Beijing,2014-03-31T16:00:00.000Z
23062016129,20000000,2015-06-30T16:00:00.000Z,a,Food & Beverage,Shenzhen,2015-02-28T16:00:00.000Z
23062016188,2000000,2015-08-30T16:00:00.000Z,a,Food & Beverage,Beijing,2013-12-31T16:00:00.000Z
23062016161,2000000,2015-03-08T16:00:00.000Z,a,Food & Beverage,Shanghai,2014-11-30T16:00:00.000Z
230620161278,484100,2014-12-16T16:00:00.000Z,seed,Food & Beverage,Shenzhen,2014-08-31T16:00:00.000Z
23062016131,6269592,2015-08-23T16:00:00.000Z,a,Food & Beverage,Beijing,2011-12-31T16:00:00.000Z
23062016246,10000000,2010-11-02T16:00:00.000Z,a,Food & Beverage,Shanghai,2009-08-31T16:00:00.000Z
23062016467,200000,2015-07-31T16:00:00.000Z,seed,Food & Beverage,Beijing,2015-04-30T16:00:00.000Z
23062016332,50000,2015-01-31T16:00:00.000Z,seed,Food & Beverage,Shenzhen,2015-01-31T16:00:00.000Z
23062016477,1642036,2013-11-02T16:00:00.000Z,a,Food & Beverage,Beijing,2011-12-31T16:00:00.000Z
23062016498,100000,2012-12-31T16:00:00.000Z,seed,Food & Beverage,Shanghai,2011-02-28T16:00:00.000Z
23062016493,2000000,2011-01-01T00:00:00.000Z,a,Food & Beverage,Shanghai,2008-08-31T16:00:00.000Z
23062016561,1612000,2014-07-15T16:00:00.000Z,a,Food & Beverage,Shanghai,2012-02-29T16:00:00.000Z
230620166,50000,2008-12-31T16:00:00.000Z,seed,Food & Beverage,Beijing,2008-12-31T16:00:00.000Z
23062016527,170000,2014-10-14T16:00:00.000Z,seed,Food & Beverage,Beijing,2014-07-31T16:00:00.000Z
23062016503,1200000,2015-01-13T16:00:00.000Z,seed,Food & Beverage,Shanghai,2013-08-31T16:00:00.000Z
23062016516,3222000,2015-06-07T16:00:00.000Z,a,Food & Beverage,Shanghai,2012-11-30T16:00:00.000Z
2306201664,2000000,2015-11-03T16:00:00.000Z,a,Food & Beverage,Shanghai,2014-08-31T16:00:00.000Z
23062016679,19150000,2016-04-04T00:00:00.000Z,seed,Food & Beverage,Melbourne,2010-12-31T16:00:00.000Z
23062016652,500000,2014-12-08T00:00:00.000Z,seed,Food & Beverage,Melbourne,2012-12-31T16:00:00.000Z
23062016881,15000000,2015-09-14T16:00:00.000Z,c,Food & Beverage,Beijing,2014-12-31T16:00:00.000Z
2306201610,150000,2013-05-31T16:00:00.000Z,seed,Gaming,Shenzhen,2013-05-31T16:00:00.000Z
230620161055,101802,2011-01-01T00:00:00.000Z,a,Gaming,Sydney,2010-12-31T16:00:00.000Z
230620161076,150000,2013-09-30T16:00:00.000Z,seed,Gaming,Taipei,2013-09-30T16:00:00.000Z
230620161082,1609528,2014-12-29T16:00:00.000Z,a,Gaming,Beijing,2014-10-31T16:00:00.000Z
230620161073,1000000,2014-07-17T16:00:00.000Z,a,Gaming,Shanghai,2011-12-31T16:00:00.000Z
230620161142,4883359,2014-08-28T16:00:00.000Z,a,Gaming,Shenzhen,2013-04-30T16:00:00.000Z
230620161192,464859,2013-01-01T00:00:00.000Z,seed,Gaming,Singapore,2011-12-31T16:00:00.000Z
230620161188,2000000,2009-11-30T16:00:00.000Z,a,Gaming,Shanghai,2010-12-31T16:00:00.000Z
230620161196,100000,2013-12-31T16:00:00.000Z,seed,Gaming,Beijing,2013-07-31T16:00:00.000Z
230620161179,170000,2012-09-13T16:00:00.000Z,seed,Gaming,Beijing,2012-08-31T16:00:00.000Z
230620161252,1475000,2014-06-04T00:00:00.000Z,seed,Gaming,Singapore,2012-12-31T16:00:00.000Z
230620161216,400000,2007-12-31T16:00:00.000Z,seed,Gaming,Shenzhen,2007-12-31T16:00:00.000Z
23062016138,1571264,2014-09-14T16:00:00.000Z,a,Gaming,Beijing,2013-11-30T16:00:00.000Z
230620161287,1000000,2013-01-07T00:00:00.000Z,a,Gaming,Taipei,2012-05-31T16:00:00.000Z
230620162,4900000,2014-11-09T16:00:00.000Z,a,Gaming,Shenzhen,2013-05-31T16:00:00.000Z
23062016163,150000,2013-11-30T16:00:00.000Z,seed,Gaming,Shenzhen,2013-11-30T16:00:00.000Z
23062016135,481007,2014-05-11T16:00:00.000Z,seed,Gaming,Shanghai,2014-02-28T16:00:00.000Z
23062016208,442384,2010-06-30T16:00:00.000Z,seed,Gaming,Shenzhen,2010-06-30T16:00:00.000Z
23062016136,2000000,2011-11-15T00:00:00.000Z,a,Gaming,Hong Kong,2010-12-31T16:00:00.000Z
23062016148,100000,2009-12-31T16:00:00.000Z,seed,Gaming,Beijing,2009-08-31T16:00:00.000Z
23062016180,150000,2013-05-31T16:00:00.000Z,seed,Gaming,Taipei,2012-12-31T16:00:00.000Z
23062016211,170000,2014-04-16T16:00:00.000Z,seed,Gaming,Beijing,2011-07-31T16:00:00.000Z
23062016229,2900000,2013-03-19T00:00:00.000Z,seed,Gaming,Singapore,2010-12-31T16:00:00.000Z
23062016220,2000000,2014-12-13T16:00:00.000Z,a,Gaming,Shanghai,2014-08-31T16:00:00.000Z
23062016230,10000000,2015-12-24T16:00:00.000Z,a,Gaming,Shanghai,2013-12-31T16:00:00.000Z
23062016259,14000000,2004-11-11T16:00:00.000Z,a,Gaming,Shanghai,2003-03-31T16:00:00.000Z
2306201634,2000000,2008-07-29T00:00:00.000Z,seed,Gaming,Singapore,2009-09-05T16:00:00.000Z
23062016460,1571264,2014-01-15T16:00:00.000Z,seed,Gaming,Beijing,2013-04-30T16:00:00.000Z
23062016436,2000000,2015-05-04T16:00:00.000Z,a,Gaming,Beijing,2014-12-31T16:00:00.000Z
23062016402,50000,2014-08-19T16:00:00.000Z,seed,Gaming,Shenzhen,2014-04-30T16:00:00.000Z
23062016458,170000,2013-12-10T16:00:00.000Z,seed,Gaming,Beijing,2013-05-31T16:00:00.000Z
23062016354,467460,2013-05-01T00:00:00.000Z,seed,Gaming,Singapore,2011-04-30T16:00:00.000Z
23062016418,200000,2011-12-31T16:00:00.000Z,seed,Gaming,Shenzhen,
23062016399,8203746,2013-11-30T16:00:00.000Z,a,Gaming,Shenzhen,2013-08-31T16:00:00.000Z
23062016479,2000000,2015-06-15T16:00:00.000Z,a,Gaming,Beijing,2015-06-15T16:00:00.000Z
23062016481,170000,2014-01-06T16:00:00.000Z,seed,Gaming,Shanghai,2014-11-30T16:00:00.000Z
23062016551,10000000,2012-06-30T16:00:00.000Z,a,Gaming,Shanghai,2011-07-31T16:00:00.000Z
23062016612,45811,2011-01-01T00:00:00.000Z,seed,Gaming,Sydney,2010-09-30T16:00:00.000Z
23062016521,100000,2013-12-31T16:00:00.000Z,seed,Gaming,Shanghai,2013-12-31T16:00:00.000Z
23062016677,200000,2012-12-31T16:00:00.000Z,seed,Gaming,Melbourne,2013-06-30T16:00:00.000Z
23062016709,250000,2010-12-31T16:00:00.000Z,seed,Gaming,Shenzhen,2010-12-31T16:00:00.000Z
23062016707,250000,2011-02-28T16:00:00.000Z,seed,Gaming,Shenzhen,2011-02-28T16:00:00.000Z
23062016702,100000,2014-12-31T16:00:00.000Z,seed,Gaming,Hong Kong,2015-02-28T16:00:00.000Z
23062016720,20000,2013-05-01T00:00:00.000Z,seed,Gaming,Melbourne,2012-12-31T16:00:00.000Z
2306201675,2000000,2014-12-22T16:00:00.000Z,a,Gaming,Beijing,2012-01-31T16:00:00.000Z
23062016792,1000000,2012-05-10T00:00:00.000Z,seed,Gaming,Hong Kong,2006-12-31T16:00:00.000Z
23062016777,20000,2012-04-01T00:00:00.000Z,seed,Gaming,Melbourne,2011-12-31T16:00:00.000Z
230620168,100000,2009-12-31T16:00:00.000Z,seed,Gaming,Beijing,1999-12-31T16:00:00.000Z
23062016840,100000,2015-12-31T16:00:00.000Z,seed,Gaming,Hong Kong,2013-08-26T16:00:00.000Z
2306201684,200000,2012-02-29T16:00:00.000Z,seed,Gaming,Shenzhen,2012-02-29T16:00:00.000Z
230620161308,2000000,2011-05-11T16:00:00.000Z,a,Hardware,Shanghai,2010-06-29T16:00:00.000Z
230620161319,4390000,2009-10-30T16:00:00.000Z,a,Hardware,Shenzhen,2000-04-29T16:00:00.000Z
23062016388,161000,2015-01-13T16:00:00.000Z,seed,Hardware,Shenzhen,2014-01-30T16:00:00.000Z
23062016396,170000,2014-04-30T16:00:00.000Z,seed,Hardware,Shenzhen,2013-12-31T16:00:00.000Z
2306201632,450000,2012-10-30T16:00:00.000Z,seed,Hardware,Melbourne,2011-12-31T16:00:00.000Z
23062016441,4710000,2012-05-31T16:00:00.000Z,a,Hardware,Shenzhen,2012-03-30T16:00:00.000Z
23062016374,100000,2015-05-30T16:00:00.000Z,seed,Hardware,Shenzhen,2013-06-30T16:00:00.000Z
23062016416,150000,2015-01-03T16:00:00.000Z,seed,Hardware,Beijing,2014-12-30T16:00:00.000Z
23062016380,4757799,2012-09-22T16:00:00.000Z,a,Hardware,Shenzhen,2010-01-30T16:00:00.000Z
23062016409,150000,2010-10-31T16:00:00.000Z,seed,Hardware,Shenzhen,
23062016446,250000,2010-12-31T16:00:00.000Z,seed,Hardware,Hong Kong,2011-05-31T16:00:00.000Z
23062016382,3220000,2015-05-31T16:00:00.000Z,seed,Hardware,Beijing,2014-04-29T16:00:00.000Z
23062016419,500000,2010-12-01T00:00:00.000Z,seed,Hardware,Singapore,2008-05-31T16:00:00.000Z
23062016412,7480000,2016-09-05T16:00:00.000Z,seed,Hardware,Shenzhen,2010-07-30T16:00:00.000Z
23062016384,100000,2009-12-14T16:00:00.000Z,seed,Hardware,Hong Kong,2009-10-31T16:00:00.000Z
23062016400,4400000,2014-05-12T16:00:00.000Z,a,Hardware,Beijing,2014-03-30T16:00:00.000Z
23062016365,350000,2015-12-31T16:00:00.000Z,seed,Hardware,Hong Kong,2009-12-30T16:00:00.000Z
23062016362,4900000,2013-08-31T16:00:00.000Z,a,Hardware,Shenzhen,2006-11-29T16:00:00.000Z
23062016415,500000,2015-12-01T00:00:00.000Z,seed,Hardware,Hong Kong,2014-06-19T16:00:00.000Z
23062016392,170000,2014-11-24T16:00:00.000Z,seed,Hardware,Beijing,2014-07-30T16:00:00.000Z
23062016395,39184,2015-02-26T00:00:00.000Z,seed,Hardware,Sydney,2013-12-31T16:00:00.000Z
23062016432,250000,2011-04-30T16:00:00.000Z,seed,Hardware,Shenzhen,2011-04-30T16:00:00.000Z
23062016433,100000,2014-12-31T16:00:00.000Z,seed,Hardware,Hong Kong,2011-10-03T16:00:00.000Z
23062016434,5000000,2015-07-26T16:00:00.000Z,b,Hardware,Shanghai,2000-11-30T16:00:00.000Z
23062016466,2000000,2015-08-25T16:00:00.000Z,a,Hardware,Beijing,2013-12-30T16:00:00.000Z
23062016391,557000,2015-09-17T16:00:00.000Z,seed,Hardware,Hong Kong,2014-09-29T16:00:00.000Z
23062016478,10000000,2014-12-10T16:00:00.000Z,a,Hardware,Shanghai,2014-09-29T16:00:00.000Z
23062016484,41000,2015-01-02T00:00:00.000Z,seed,Hardware,Sydney,2012-12-31T16:00:00.000Z
23062016485,200000,2011-12-31T16:00:00.000Z,seed,Hardware,Melbourne,2011-12-31T16:00:00.000Z
23062016483,31700,2014-09-30T16:00:00.000Z,seed,Hardware,Sydney,2010-12-31T16:00:00.000Z
23062016501,20000,2012-09-01T00:00:00.000Z,seed,Hardware,Melbourne,2012-08-06T16:00:00.000Z
23062016507,150000,2014-03-01T00:00:00.000Z,seed,Hardware,Singapore,2013-11-24T16:00:00.000Z
23062016509,2000000,2015-10-25T16:00:00.000Z,a,Hardware,Beijing,2012-02-29T16:00:00.000Z
23062016532,2000000,2015-05-12T16:00:00.000Z,a,Hardware,Shenzhen,2012-02-29T16:00:00.000Z
23062016538,170000,2014-07-12T16:00:00.000Z,seed,Hardware,Shanghai,2014-03-30T16:00:00.000Z
23062016598,2000000,2009-05-31T16:00:00.000Z,seed,Hardware,Hong Kong,2009-06-15T16:00:00.000Z
23062016546,1300000,2015-06-05T00:00:00.000Z,seed,Hardware,Singapore,2010-12-31T16:00:00.000Z
23062016511,2000000,2015-09-20T16:00:00.000Z,a,Hardware,Beijing,2013-04-29T16:00:00.000Z
23062016508,100000,2014-10-23T00:00:00.000Z,seed,Hardware,Hong Kong,2013-06-01T16:00:00.000Z
23062016517,2000000,2015-07-16T16:00:00.000Z,a,Hardware,Beijing,2014-03-30T16:00:00.000Z
23062016588,750000,2015-06-29T16:00:00.000Z,seed,Hardware,Singapore,2012-12-31T16:00:00.000Z
23062016512,2000000,2013-06-28T16:00:00.000Z,a,Hardware,Beijing,1993-02-27T16:00:00.000Z
23062016544,1800000,2013-05-06T16:00:00.000Z,seed,Hardware,Hong Kong,2011-12-31T16:00:00.000Z
23062016576,100000,2015-06-02T00:00:00.000Z,seed,Hardware,Hong Kong,2015-05-31T16:00:00.000Z
23062016582,250000,2010-12-31T16:00:00.000Z,seed,Hardware,Taipei,2014-09-29T16:00:00.000Z
23062016571,2000000,2006-02-28T16:00:00.000Z,a,Hardware,Shanghai,2004-07-30T16:00:00.000Z
23062016570,2000000,2015-05-19T16:00:00.000Z,a,Hardware,New York,
23062016581,776640,2015-02-14T16:00:00.000Z,seed,Hardware,Melbourne,2013-06-30T16:00:00.000Z
23062016584,170000,2013-02-28T16:00:00.000Z,seed,Hardware,Shenzhen,2013-02-28T16:00:00.000Z
23062016607,1600000,2015-06-09T16:00:00.000Z,a,Hardware,Shanghai,2014-10-30T16:00:00.000Z
23062016506,115000,2014-11-29T16:00:00.000Z,seed,Hardware,Hong Kong,2012-07-14T16:00:00.000Z
23062016528,150000,2014-12-16T00:00:00.000Z,seed,Hardware,Hong Kong,2009-12-31T16:00:00.000Z
23062016535,435000,2013-06-30T16:00:00.000Z,seed,Hardware,Sydney,2012-05-31T16:00:00.000Z
23062016596,100000,2014-12-31T16:00:00.000Z,seed,Hardware,Singapore,2012-12-31T16:00:00.000Z
23062016560,100000,2015-05-05T00:00:00.000Z,seed,Hardware,Hong Kong,2013-12-31T16:00:00.000Z
23062016568,300000,2009-12-31T16:00:00.000Z,seed,Hardware,Shenzhen,2010-01-30T16:00:00.000Z
23062016654,2000000,2015-11-01T16:00:00.000Z,a,Hardware,Beijing,2015-01-31T16:00:00.000Z
23062016676,3856375,2013-02-12T16:00:00.000Z,a,Hardware,Sydney,2012-12-31T16:00:00.000Z
23062016619,250000,2015-01-18T16:00:00.000Z,seed,Hardware,Hong Kong,2014-03-31T16:00:00.000Z
230620161277,2000000,2014-11-30T16:00:00.000Z,seed,Healthcare,Beijing,2014-04-30T16:00:00.000Z
23062016257,79800,2013-06-30T16:00:00.000Z,seed,Healthcare,Singapore,2013-04-30T16:00:00.000Z
23062016615,300000,2013-06-30T16:00:00.000Z,seed,Healthcare,Taipei,2013-05-31T16:00:00.000Z
23062016539,1515000,2010-05-11T16:00:00.000Z,a,Healthcare,Shanghai,2010-09-30T16:00:00.000Z
23062016630,8600000,2015-04-27T00:00:00.000Z,a,Healthcare,Singapore,2012-04-02T16:00:00.000Z
23062016626,659710,2011-04-30T16:00:00.000Z,seed,Healthcare,Hong Kong,2006-12-31T16:00:00.000Z
23062016641,10000000,2015-07-26T16:00:00.000Z,a,Healthcare,Beijing,2014-06-30T16:00:00.000Z
23062016680,2000000,2014-08-21T16:00:00.000Z,a,Healthcare,Beijing,2013-06-30T16:00:00.000Z
23062016639,11630000,2015-05-10T16:00:00.000Z,a,Healthcare,Shenzhen,2014-05-31T16:00:00.000Z
23062016655,2000000,2011-08-31T16:00:00.000Z,a,Healthcare,Beijing,2011-12-31T16:00:00.000Z
23062016620,150000,2013-07-27T16:00:00.000Z,seed,Healthcare,Taipei,2011-12-31T16:00:00.000Z
23062016678,3924000,2015-09-15T16:00:00.000Z,a,Healthcare,Beijing,2012-10-31T16:00:00.000Z
23062016629,100000,2014-07-31T16:00:00.000Z,seed,Healthcare,Shenzhen,2014-07-31T16:00:00.000Z
23062016668,3090000,2011-06-30T16:00:00.000Z,a,Healthcare,Beijing,2010-12-31T16:00:00.000Z
23062016627,2650000,2014-12-03T00:00:00.000Z,seed,Healthcare,Hong Kong,2008-12-31T16:00:00.000Z
23062016633,2000000,2015-05-11T16:00:00.000Z,a,Healthcare,Shanghai,2012-12-31T16:00:00.000Z
23062016642,4850000,2015-10-31T16:00:00.000Z,a,Healthcare,Beijing,2011-12-31T16:00:00.000Z
23062016658,14600000,2010-05-18T16:00:00.000Z,seed,Healthcare,Beijing,2011-12-31T16:00:00.000Z
23062016673,2000000,2015-06-24T16:00:00.000Z,a,Healthcare,Shanghai,2012-08-31T16:00:00.000Z
23062016692,5000000,2014-08-12T16:00:00.000Z,a,Healthcare,Shanghai,2014-08-31T16:00:00.000Z
23062016725,50000,2015-04-30T16:00:00.000Z,seed,Healthcare,Beijing,
23062016714,1000000,2013-12-31T16:00:00.000Z,a,Healthcare,Shenzhen,
23062016739,2000000,2011-03-30T16:00:00.000Z,a,Healthcare,Shanghai,2006-12-31T16:00:00.000Z
23062016706,20000,2013-02-28T16:00:00.000Z,seed,Healthcare,Singapore,2012-12-31T16:00:00.000Z
23062016726,4000000,2013-05-08T16:00:00.000Z,a,Healthcare,Beijing,
23062016697,111500,2013-11-28T00:00:00.000Z,seed,Healthcare,Singapore,
23062016734,805000,2015-07-30T16:00:00.000Z,seed,Healthcare,Shanghai,2014-12-31T16:00:00.000Z
23062016694,20000,2013-01-29T00:00:00.000Z,seed,Healthcare,Singapore,2011-07-10T16:00:00.000Z
23062016738,8500000,2014-09-01T16:00:00.000Z,a,Healthcare,Shanghai,2012-12-31T16:00:00.000Z
23062016756,1618000,2015-08-06T00:00:00.000Z,a,Healthcare,Melbourne,2012-07-26T16:00:00.000Z
23062016749,4700000,2016-01-24T16:00:00.000Z,a,Healthcare,Beijing,2014-12-31T16:00:00.000Z
23062016752,150000,2013-12-31T16:00:00.000Z,seed,Healthcare,Melbourne,2012-12-31T16:00:00.000Z
23062016786,150000,2012-12-31T16:00:00.000Z,seed,Healthcare,Melbourne,2013-06-30T16:00:00.000Z
23062016798,12000000,2011-07-20T00:00:00.000Z,a,Healthcare,Singapore,2009-12-31T16:00:00.000Z
23062016785,400000,2011-03-17T00:00:00.000Z,seed,Healthcare,Singapore,2010-02-28T16:00:00.000Z
23062016809,1000000,2014-01-01T00:00:00.000Z,seed,Healthcare,Hong Kong,2014-11-30T16:00:00.000Z
23062016778,250000,2011-12-31T16:00:00.000Z,seed,Healthcare,Melbourne,2011-12-31T16:00:00.000Z
23062016768,41250,2014-07-01T00:00:00.000Z,seed,Healthcare,Hong Kong,2013-12-31T16:00:00.000Z
23062016773,16289,2016-01-11T00:00:00.000Z,seed,Healthcare,Singapore,2015-03-17T16:00:00.000Z
23062016765,100000,2013-12-31T16:00:00.000Z,seed,Healthcare,Melbourne,2012-12-31T16:00:00.000Z
23062016790,500000,2013-02-07T16:00:00.000Z,seed,Healthcare,Singapore,2012-10-24T16:00:00.000Z
23062016770,170000,2015-03-20T16:00:00.000Z,seed,Healthcare,Beijing,2012-12-31T16:00:00.000Z
23062016794,100000,2014-12-31T16:00:00.000Z,seed,Healthcare,Melbourne,2013-10-21T16:00:00.000Z
23062016100,12500,2014-07-01T00:00:00.000Z,seed,Human Resources,Hong Kong,2013-12-31T16:00:00.000Z
230620161003,10000000,2014-03-31T16:00:00.000Z,a,Human Resources,Shanghai,2012-07-31T16:00:00.000Z
230620161000,50000,2014-12-31T16:00:00.000Z,seed,Human Resources,Hong Kong,2014-12-31T16:00:00.000Z
230620161061,619403,2013-05-01T00:00:00.000Z,seed,Human Resources,Sydney,2013-06-30T16:00:00.000Z
230620161040,118000,2014-05-29T00:00:00.000Z,seed,Human Resources,Singapore,2014-02-28T16:00:00.000Z
230620161079,1600000,2015-08-23T16:00:00.000Z,seed,Human Resources,Shanghai,2012-02-29T16:00:00.000Z
230620161025,40000,2015-01-31T16:00:00.000Z,seed,Human Resources,Sydney,2014-03-31T16:00:00.000Z
230620161104,200000,2012-02-27T16:00:00.000Z,seed,Human Resources,Melbourne,2008-12-31T16:00:00.000Z
230620161065,150000,2014-05-28T00:00:00.000Z,seed,Human Resources,Singapore,2013-05-31T16:00:00.000Z
230620161133,1500000,2015-06-28T16:00:00.000Z,a,Human Resources,Beijing,2015-04-30T16:00:00.000Z
230620161159,2000000,2014-01-22T16:00:00.000Z,a,Human Resources,Beijing,2015-02-28T16:00:00.000Z
23062016113,500000,2015-10-15T00:00:00.000Z,seed,Human Resources,Sydney,2014-07-31T16:00:00.000Z
23062016126,1000000,2014-01-13T00:00:00.000Z,seed,Human Resources,Sydney,2011-12-31T16:00:00.000Z
230620161226,2000000,2015-09-03T00:00:00.000Z,a,Human Resources,Beijing,2013-12-31T16:00:00.000Z
230620161276,177000,2015-08-24T00:00:00.000Z,seed,Human Resources,Singapore,2013-12-31T16:00:00.000Z
230620161286,1500000,2014-08-31T16:00:00.000Z,seed,Human Resources,Shanghai,2013-10-31T16:00:00.000Z
230620161294,100000,2015-03-31T16:00:00.000Z,seed,Human Resources,Beijing,2015-03-31T16:00:00.000Z
230620161275,50000,2014-12-31T16:00:00.000Z,seed,Human Resources,Taipei,2012-05-28T16:00:00.000Z
230620161281,2000000,2013-12-31T16:00:00.000Z,a,Human Resources,Sydney,2013-12-31T16:00:00.000Z
23062016232,250000,2015-12-31T16:00:00.000Z,seed,Human Resources,Hong Kong,2011-12-31T16:00:00.000Z
23062016250,200000,2011-12-31T16:00:00.000Z,seed,Human Resources,Melbourne,2011-12-31T16:00:00.000Z
23062016278,100000,2006-09-30T16:00:00.000Z,seed,Human Resources,Hong Kong,2005-12-31T16:00:00.000Z
23062016260,476000,2013-06-17T00:00:00.000Z,seed,Human Resources,Sydney,2010-12-31T16:00:00.000Z
23062016266,100000,2013-12-31T16:00:00.000Z,seed,Human Resources,Shenzhen,2013-10-31T16:00:00.000Z
23062016261,2000000,2016-03-31T00:00:00.000Z,seed,Human Resources,Hong Kong,2014-12-31T16:00:00.000Z
23062016296,59000,2014-03-20T00:00:00.000Z,seed,Human Resources,Singapore,2013-10-31T16:00:00.000Z
23062016428,800000,2000-02-29T16:00:00.000Z,a,Human Resources,Shenzhen,1997-04-30T16:00:00.000Z
23062016381,5000000,2011-06-28T00:00:00.000Z,b,Human Resources,Singapore,2007-12-31T16:00:00.000Z
23062016461,100000,2014-06-30T16:00:00.000Z,seed,Human Resources,Beijing,2014-06-30T16:00:00.000Z
23062016315,50000,2013-08-05T00:00:00.000Z,seed,Human Resources,Taipei,2012-12-31T16:00:00.000Z
23062016341,150000,2012-12-31T16:00:00.000Z,seed,Human Resources,Shenzhen,2015-03-31T16:00:00.000Z
23062016339,484200,2015-05-31T16:00:00.000Z,seed,Human Resources,Shenzhen,2015-04-30T16:00:00.000Z
23062016346,150000,2013-12-31T16:00:00.000Z,seed,Human Resources,Singapore,2014-10-15T16:00:00.000Z
23062016450,2000000,2015-10-27T16:00:00.000Z,a,Human Resources,Beijing,2015-01-31T16:00:00.000Z
23062016494,170000,2014-05-18T16:00:00.000Z,seed,Human Resources,Shanghai,2013-05-31T16:00:00.000Z
23062016605,30000,2015-01-01T00:00:00.000Z,seed,Human Resources,Sydney,2013-12-31T16:00:00.000Z
23062016548,170000,2014-10-30T16:00:00.000Z,seed,Human Resources,Shanghai,2014-11-30T16:00:00.000Z
23062016599,3225000,2015-03-09T16:00:00.000Z,a,Human Resources,Shanghai,2014-06-30T16:00:00.000Z
23062016609,6000000,2014-05-06T00:00:00.000Z,seed,Human Resources,Sydney,2005-12-31T16:00:00.000Z
23062016632,107500,2015-01-28T16:00:00.000Z,seed,Human Resources,Sydney,2013-12-31T16:00:00.000Z
23062016628,588402,2015-03-26T00:00:00.000Z,seed,Human Resources,Sydney,2014-06-30T16:00:00.000Z
23062016722,50000,2015-06-14T16:00:00.000Z,seed,Human Resources,Melbourne,2015-02-28T16:00:00.000Z
23062016763,100000,2014-11-28T00:00:00.000Z,seed,Human Resources,Hong Kong,2013-12-31T16:00:00.000Z
23062016791,150000,2014-10-31T16:00:00.000Z,seed,Human Resources,Taipei,2014-10-31T16:00:00.000Z
23062016876,100000,2014-08-31T16:00:00.000Z,seed,Human Resources,Taipei,2014-08-31T16:00:00.000Z
230620161006,1800000,2015-04-21T00:00:00.000Z,seed,Logistics,Sydney,2013-12-31T16:00:00.000Z
230620161013,200000,2012-02-29T16:00:00.000Z,seed,Logistics,Shenzhen,
230620161066,170000,2015-02-27T16:00:00.000Z,seed,Logistics,Shanghai,2014-09-30T16:00:00.000Z
230620161032,6500000,2014-08-15T00:00:00.000Z,a,Logistics,Hong Kong,2012-12-31T16:00:00.000Z
230620161112,1500000,2015-01-05T16:00:00.000Z,seed,Logistics,Hong Kong,2014-10-09T16:00:00.000Z
230620161181,100000,2014-12-31T16:00:00.000Z,seed,Logistics,Hong Kong,2013-12-31T16:00:00.000Z
230620161262,3000000,2015-03-12T00:00:00.000Z,seed,Logistics,Singapore,2013-12-31T16:00:00.000Z
230620161224,10000000,2015-01-14T16:00:00.000Z,a,Logistics,Beijing,2014-08-31T16:00:00.000Z
230620161241,2500000,2015-03-02T00:00:00.000Z,a,Logistics,Singapore,2013-12-31T16:00:00.000Z
23062016149,170000,2014-01-29T16:00:00.000Z,seed,Logistics,Beijing,2013-10-31T16:00:00.000Z
2306201615,10000000,2015-03-18T16:00:00.000Z,a,Logistics,Beijing,2014-11-30T16:00:00.000Z
230620161269,170000,2015-01-22T16:00:00.000Z,seed,Logistics,Beijing,2014-12-31T16:00:00.000Z
230620161316,100000,2012-06-19T16:00:00.000Z,seed,Logistics,Hong Kong,2011-10-31T16:00:00.000Z
2306201630,2000000,2015-01-06T16:00:00.000Z,a,Logistics,Beijing,2015-02-28T16:00:00.000Z
23062016360,100000,2013-04-30T00:00:00.000Z,seed,Logistics,Singapore,2012-12-31T16:00:00.000Z
23062016286,10000000,2014-12-31T16:00:00.000Z,seed,Logistics,Hong Kong,2013-09-30T16:00:00.000Z
23062016583,2000000,2015-01-19T16:00:00.000Z,a,Logistics,Shanghai,2014-09-30T16:00:00.000Z
23062016634,850000,2015-06-29T00:00:00.000Z,seed,Logistics,Sydney,2013-12-31T16:00:00.000Z
23062016622,500000,2015-05-31T16:00:00.000Z,seed,Logistics,Sydney,2013-12-31T16:00:00.000Z
23062016625,1000000,2015-10-12T16:00:00.000Z,seed,Logistics,Sydney,2013-12-31T16:00:00.000Z
23062016688,170000,2015-10-26T16:00:00.000Z,seed,Logistics,Shanghai,2014-03-31T16:00:00.000Z
23062016782,350000,2009-12-31T16:00:00.000Z,seed,Logistics,Sydney,2009-12-31T16:00:00.000Z
23062016814,4600000,2013-01-01T00:00:00.000Z,a,Logistics,Hong Kong,2011-12-31T16:00:00.000Z
23062016771,225000,2015-03-01T00:00:00.000Z,seed,Logistics,Sydney,2013-12-31T16:00:00.000Z
23062016850,300000,2015-09-01T00:00:00.000Z,seed,Logistics,Hong Kong,2015-01-14T16:00:00.000Z
230620161002,100000,2013-03-12T16:00:00.000Z,seed,Real Estate,Melbourne,2013-11-30T16:00:00.000Z
230620161085,482817,2014-04-09T16:00:00.000Z,seed,Real Estate,Shenzhen,2014-02-28T16:00:00.000Z
230620161147,100000,2013-12-15T00:00:00.000Z,seed,Real Estate,Hong Kong,2013-09-30T16:00:00.000Z
23062016112,20000000,2014-01-31T16:00:00.000Z,a,Real Estate,Shanghai,2013-12-31T16:00:00.000Z
23062016117,500000,2014-03-06T16:00:00.000Z,seed,Real Estate,Hong Kong,2012-12-31T16:00:00.000Z
23062016176,50000,2012-05-31T16:00:00.000Z,seed,Real Estate,Shanghai,
23062016314,5000000,2015-03-29T16:00:00.000Z,a,Real Estate,Shenzhen,
23062016459,2000000,2015-01-19T16:00:00.000Z,a,Real Estate,Beijing,
23062016379,200000,2011-06-01T00:00:00.000Z,seed,Real Estate,Singapore,2008-12-31T16:00:00.000Z
23062016482,170000,2010-12-07T16:00:00.000Z,seed,Real Estate,Shanghai,
23062016681,250000,2011-07-26T16:00:00.000Z,seed,Real Estate,Melbourne,2011-10-16T16:00:00.000Z
23062016730,1100000,2016-09-28T00:00:00.000Z,seed,Real Estate,Singapore,2013-12-31T16:00:00.000Z
23062016685,383000,2015-05-13T16:00:00.000Z,seed,Real Estate,Shanghai,2015-06-30T16:00:00.000Z
23062016743,560000,2014-05-06T00:00:00.000Z,seed,Real estate,Singapore,2014-01-07T16:00:00.000Z
23062016868,100000,2014-12-31T16:00:00.000Z,seed,Real Estate,Hong Kong,2014-04-29T16:00:00.000Z
230620161009,170000,2013-04-30T16:00:00.000Z,seed,Social Media,Shanghai,2012-09-29T16:00:00.000Z
230620161001,3000000,2014-05-11T16:00:00.000Z,a,Social Media,Shanghai,2012-12-30T16:00:00.000Z
230620161011,783000,2015-07-28T16:00:00.000Z,seed,Social Media,Beijing,2014-02-28T16:00:00.000Z
230620161007,600000,2015-04-29T16:00:00.000Z,seed,Social Media,Melbourne,2009-05-22T16:00:00.000Z
230620161010,50000,2014-12-31T16:00:00.000Z,seed,Social Media,Taipei,2014-12-31T16:00:00.000Z
230620161005,100000,2014-03-31T16:00:00.000Z,seed,Social Media,Shenzhen,2014-04-29T16:00:00.000Z
230620161024,100000,2014-12-31T16:00:00.000Z,seed,Social Media,Singapore,2014-02-05T16:00:00.000Z
230620161062,100000,2014-12-31T16:00:00.000Z,seed,Social Media,Hong Kong,2003-12-30T16:00:00.000Z
230620161083,100000,2013-12-31T16:00:00.000Z,seed,Social Media,Taipei,
230620161113,2000000,2015-06-15T16:00:00.000Z,a,Social Media,Beijing,2015-01-30T16:00:00.000Z
230620161115,50000,2014-12-31T16:00:00.000Z,seed,Social Media,Shenzhen,2015-01-30T16:00:00.000Z
230620161022,100000,2013-12-31T16:00:00.000Z,seed,Social Media,Melbourne,2013-12-31T16:00:00.000Z
230620161059,50000,2013-04-03T00:00:00.000Z,seed,Social Media,Melbourne,2011-12-31T16:00:00.000Z
230620161068,100000,2014-12-31T16:00:00.000Z,seed,Social Media,Singapore,2015-06-29T16:00:00.000Z
230620161037,200000,2012-07-31T16:00:00.000Z,seed,Social Media,Taipei,
230620161080,150000,2013-04-30T16:00:00.000Z,a,Social Media,Shanghai,2010-11-29T16:00:00.000Z
230620161041,2000000,2014-09-12T00:00:00.000Z,a,Social Media,Singapore,2013-07-30T16:00:00.000Z
230620161029,1500000,2013-07-31T16:00:00.000Z,seed,Social Media,Shanghai,2012-09-29T16:00:00.000Z
230620161050,492000,2013-11-30T16:00:00.000Z,a,Social Media,Shenzhen,2012-02-28T16:00:00.000Z
230620161056,100000,2015-05-14T16:00:00.000Z,seed,Social Media,Shanghai,2015-06-29T16:00:00.000Z
230620161035,2000000,2015-05-30T16:00:00.000Z,a,Social Media,Beijing,2013-10-30T16:00:00.000Z
230620161108,1500000,2014-07-03T16:00:00.000Z,a,Social Media,Shanghai,2014-05-30T16:00:00.000Z
230620161033,100000,2014-12-31T16:00:00.000Z,seed,Social Media,Shenzhen,2015-01-30T16:00:00.000Z
230620161045,2000000,2010-12-31T16:00:00.000Z,a,Social Media,Shanghai,2013-07-30T16:00:00.000Z
230620161060,200000,2015-02-04T00:00:00.000Z,seed,Social Media,Hong Kong,
230620161102,939000,2015-08-29T16:00:00.000Z,a,Social Media,Beijing,2013-07-30T16:00:00.000Z
230620161074,403000,2012-05-05T16:00:00.000Z,seed,Social Media,Shanghai,2014-06-29T16:00:00.000Z
230620161071,806000,2015-05-31T16:00:00.000Z,seed,Social Media,Shanghai,2015-03-30T16:00:00.000Z
230620161043,5200000,2015-01-29T16:00:00.000Z,a,Social Media,Shenzhen,2014-03-31T16:00:00.000Z
230620161039,100000,2014-02-28T16:00:00.000Z,seed,Social Media,Beijing,2014-03-30T16:00:00.000Z
230620161049,50000,2014-01-30T16:00:00.000Z,seed,Social Media,Hong Kong,2013-09-30T16:00:00.000Z
230620161096,2000000,2014-12-27T16:00:00.000Z,a,Social Media,Beijing,2014-06-29T16:00:00.000Z
230620161107,500000,2015-08-13T16:00:00.000Z,seed,Social Media,Beijing,2015-04-29T16:00:00.000Z
230620161149,50000,2015-07-31T16:00:00.000Z,seed,Social Media,Beijing,
230620161166,4541000,2015-10-13T16:00:00.000Z,a,Social Media,Beijing,2013-06-29T16:00:00.000Z
230620161141,100000,2014-12-31T16:00:00.000Z,seed,Social Media,Hong Kong,2013-12-30T16:00:00.000Z
230620161127,4026000,2015-06-24T16:00:00.000Z,a,Social Media,Beijing,2012-12-30T16:00:00.000Z
230620161144,100000,2014-05-20T16:00:00.000Z,seed,Social Media,Taipei,2013-06-29T16:00:00.000Z
230620161155,2000000,2014-11-19T16:00:00.000Z,a,Social Media,Beijing,2008-04-29T16:00:00.000Z
230620161139,3900000,2015-04-13T16:00:00.000Z,a,Social Media,Shanghai,2013-10-30T16:00:00.000Z
230620161190,20200000,2015-07-29T16:00:00.000Z,a,Social Media,Shanghai,2014-09-29T16:00:00.000Z
230620161182,1500000,2015-03-26T16:00:00.000Z,a,Social Media,Shanghai,2014-07-30T16:00:00.000Z
230620161146,615000,2013-02-13T00:00:00.000Z,seed,Social Media,Singapore,2005-12-31T16:00:00.000Z
230620161213,50000,2014-12-30T16:00:00.000Z,seed,Social Media,Melbourne,2013-12-30T16:00:00.000Z
230620161132,150000,2011-05-30T16:00:00.000Z,seed,Social Media,Hong Kong,2008-12-30T16:00:00.000Z
230620161135,500000,2010-12-31T16:00:00.000Z,seed,Social Media,Singapore,2004-12-31T16:00:00.000Z
230620161151,521000,2013-06-26T00:00:00.000Z,seed,Social Media,Singapore,2012-12-30T16:00:00.000Z
230620161209,1640000,2016-04-18T16:00:00.000Z,seed,Social Media,Shanghai,2015-08-30T16:00:00.000Z
230620161119,2000000,2015-07-25T16:00:00.000Z,a,Social Media,Beijing,2015-09-29T16:00:00.000Z
230620161212,500000,2013-06-30T16:00:00.000Z,seed,Social Media,Melbourne,2013-03-31T16:00:00.000Z
230620161214,4300000,2010-12-08T00:00:00.000Z,a,Social Media,Singapore,
230620161229,2000000,2014-10-01T00:00:00.000Z,a,Social Media,Hong Kong,2012-12-30T16:00:00.000Z
230620161264,50000,2015-02-10T16:00:00.000Z,seed,Social Media,Taipei,2015-06-04T16:00:00.000Z
230620161261,50000,2013-12-11T00:00:00.000Z,seed,Social Media,Taipei,2013-08-30T16:00:00.000Z
230620161267,2300000,2015-09-30T00:00:00.000Z,a,Social Media,Singapore,2012-08-31T16:00:00.000Z
230620161243,1600000,2015-02-17T00:00:00.000Z,seed,Social Media,Hong Kong,2013-12-30T16:00:00.000Z
230620161266,30000,2015-05-31T16:00:00.000Z,seed,Social Media,Shenzhen,2014-12-31T16:00:00.000Z
230620161259,50000,2015-04-13T16:00:00.000Z,seed,Social Media,Taipei,
230620161231,80000,2014-09-30T16:00:00.000Z,seed,Social Media,Melbourne,2014-12-31T16:00:00.000Z
230620161298,50000,2012-12-30T16:00:00.000Z,seed,Social Media,Melbourne,2011-12-30T16:00:00.000Z
230620161289,9683000,2015-03-18T16:00:00.000Z,a,Social Media,Beijing,2012-02-28T16:00:00.000Z
230620161293,50000,2014-12-31T16:00:00.000Z,seed,Social Media,Taipei,2015-04-29T16:00:00.000Z
230620161295,935000,2010-05-10T16:00:00.000Z,seed,Social Media,Taipei,2010-04-30T16:00:00.000Z
230620161274,150000,2013-10-20T16:00:00.000Z,seed,Social Media,Taipei,2009-12-30T16:00:00.000Z
230620161272,450000,2008-11-30T16:00:00.000Z,seed,Social Media,Hong Kong,2008-12-30T16:00:00.000Z
23062016217,20000,2011-09-01T00:00:00.000Z,seed,Social Media,Melbourne,2011-08-31T16:00:00.000Z
23062016280,130000,2014-03-13T16:00:00.000Z,seed,Social Media,Hong Kong,
23062016312,20000,2014-10-31T16:00:00.000Z,seed,Social Media,Singapore,2014-07-16T16:00:00.000Z
23062016331,100000,2014-12-31T16:00:00.000Z,seed,Social Media,Shenzhen,2014-12-31T16:00:00.000Z
23062016353,100000,2014-10-31T00:00:00.000Z,seed,Social Media,Singapore,2012-12-31T16:00:00.000Z
23062016587,50000,2011-11-30T16:00:00.000Z,seed,Social Media,Shanghai,2011-04-30T16:00:00.000Z
2306201658,500000,2011-02-10T00:00:00.000Z,seed,Social Media,Singapore,
23062016589,9000000,2007-12-31T16:00:00.000Z,a,Social Media,Shanghai,2005-04-30T16:00:00.000Z
23062016593,170000,2011-05-12T16:00:00.000Z,seed,Social Media,Shanghai,2011-04-30T16:00:00.000Z
23062016736,250000,2011-05-31T16:00:00.000Z,seed,Social Media,Sydney,2011-01-30T16:00:00.000Z
23062016687,160000,2013-11-30T16:00:00.000Z,seed,Social Media,Shanghai,2013-10-31T16:00:00.000Z
23062016759,100000,2014-12-31T16:00:00.000Z,seed,Social Media,Hong Kong,2008-12-31T16:00:00.000Z
23062016801,41250,2014-01-01T00:00:00.000Z,seed,Social Media,Hong Kong,2012-12-31T16:00:00.000Z
23062016776,100000,2014-06-01T00:00:00.000Z,seed,Social Media,Singapore,2016-05-16T16:00:00.000Z
23062016816,170000,2007-02-28T16:00:00.000Z,seed,Social Media,Shanghai,2007-01-30T16:00:00.000Z
23062016769,462000,2014-04-01T00:00:00.000Z,seed,Social Media,Sydney,2011-12-31T16:00:00.000Z
23062016779,50000,2015-12-31T16:00:00.000Z,seed,Social Media,Singapore,
23062016837,1500000,2010-01-31T16:00:00.000Z,seed,Social Media,Shanghai,2010-02-27T16:00:00.000Z
23062016856,170000,2011-01-31T16:00:00.000Z,seed,Social Media,Shanghai,2011-02-27T16:00:00.000Z
23062016852,1612000,2014-05-31T16:00:00.000Z,a,Social Media,Shanghai,2014-04-29T16:00:00.000Z
23062016843,50000,2015-08-31T16:00:00.000Z,seed,Social Media,Shenzhen,2015-09-29T16:00:00.000Z
23062016880,100000,2014-09-01T16:00:00.000Z,seed,Social Media,Taipei,2014-09-01T16:00:00.000Z
23062016873,500000,2014-11-24T16:00:00.000Z,seed,Social Media,Shenzhen,2014-03-30T16:00:00.000Z
23062016820,500000,2014-12-16T16:00:00.000Z,seed,Storage,Hong Kong,
230620161320,200000,2012-05-31T16:00:00.000Z,seed,Telecommunication,Shenzhen,2012-06-29T16:00:00.000Z
230620161321,170000,2013-02-11T16:00:00.000Z,seed,Telecommunication,Shanghai,2013-02-27T16:00:00.000Z
230620161324,50000,2013-01-31T16:00:00.000Z,seed,Telecommunication,Shanghai,2013-01-30T16:00:00.000Z
230620161309,600000,2004-06-30T16:00:00.000Z,seed,Telecommunication,Shenzhen,
230620161315,3500000,2014-05-21T00:00:00.000Z,seed,Telecommunication,Singapore,2011-12-30T16:00:00.000Z
230620161327,1500000,2012-06-15T00:00:00.000Z,a,Telecommunication,Sydney,2010-12-31T16:00:00.000Z
23062016445,2000000,2015-08-29T16:00:00.000Z,a,Telecommunication,Beijing,2014-12-31T16:00:00.000Z
23062016703,450000,2010-12-31T16:00:00.000Z,seed,Telecommunication,Shenzhen,2008-10-31T16:00:00.000Z
23062016830,100000,2014-12-31T16:00:00.000Z,seed,Telecommunication,Singapore,2010-04-30T16:00:00.000Z
230620161058,1900000,2015-06-15T00:00:00.000Z,seed,Transportation,Shenzhen,2014-12-31T16:00:00.000Z
230620161245,475000,2013-02-01T00:00:00.000Z,seed,Transportation,Singapore,2012-05-31T16:00:00.000Z
23062016203,6444000,2011-12-17T16:00:00.000Z,b,Transportation,Shanghai,2009-02-28T16:00:00.000Z
23062016253,5800000,2015-02-28T16:00:00.000Z,a,Transportation,Shenzhen,2014-02-28T16:00:00.000Z
23062016263,300000,2010-01-31T16:00:00.000Z,seed,Transportation,Shenzhen,2010-01-31T16:00:00.000Z
23062016271,300000,2009-12-31T16:00:00.000Z,seed,Transportation,Sydney,2009-12-31T16:00:00.000Z
23062016367,471000,2014-08-18T00:00:00.000Z,seed,Transportation,Singapore,2012-08-20T16:00:00.000Z
23062016424,250000,2010-12-31T16:00:00.000Z,seed,Transportation,Shenzhen,2010-12-31T16:00:00.000Z
2306201647,10000000,2014-11-18T16:00:00.000Z,a,Transportation,Beijing,2014-07-31T16:00:00.000Z
23062016454,2663000,2015-10-07T16:00:00.000Z,a,Transportation,Beijing,2015-06-30T16:00:00.000Z
23062016423,200000,2012-11-30T16:00:00.000Z,seed,Transportation,Shenzhen,2013-11-30T16:00:00.000Z
23062016455,150000000,2015-01-06T16:00:00.000Z,seed,Transportation,Beijing,1992-04-30T16:00:00.000Z
23062016404,350000,2009-05-31T16:00:00.000Z,seed,Transportation,Shenzhen,2009-05-31T16:00:00.000Z
23062016608,250000,2011-09-30T16:00:00.000Z,seed,Transportation,Sydney,2010-12-31T16:00:00.000Z
23062016613,400000,2012-02-21T00:00:00.000Z,seed,Transportation,Sydney,2007-12-31T16:00:00.000Z
23062016606,300000,2011-02-28T16:00:00.000Z,seed,Transportation,Sydney,2011-02-28T16:00:00.000Z
23062016636,3300000,2013-12-09T00:00:00.000Z,seed,Transportation,Sydney,2011-08-03T16:00:00.000Z
23062016690,2580000,2015-03-15T16:00:00.000Z,a,Transportation,Shanghai,2014-03-31T16:00:00.000Z
23062016729,150000,2014-04-07T00:00:00.000Z,a,Transportation,Singapore,2011-12-31T16:00:00.000Z
23062016744,400000,2015-12-31T16:00:00.000Z,seed,Transportation,Hong Kong,2013-11-30T16:00:00.000Z
23062016754,162601,2013-01-07T00:00:00.000Z,seed,Transportation,Singapore,2010-12-31T16:00:00.000Z
23062016766,975609,2013-05-01T00:00:00.000Z,seed,Transportation,Singapore,2010-12-31T16:00:00.000Z
23062016836,350000,2015-02-28T16:00:00.000Z,seed,Transportation,Sydney,2006-10-31T16:00:00.000Z
230620161077,442622,2012-05-28T00:00:00.000Z,seed,Travel & Hospitality,Melbourne,2010-11-30T16:00:00.000Z
230620161057,1500000,2013-05-31T16:00:00.000Z,seed,Travel & Hospitality,Melbourne,2013-08-31T16:00:00.000Z
230620161136,50000,2014-12-31T16:00:00.000Z,seed,Travel & Hospitality,Beijing,2014-12-31T16:00:00.000Z
230620161125,12000,2012-02-01T00:00:00.000Z,seed,Travel & Hospitality,Singapore,2011-04-30T16:00:00.000Z
23062016115,500000,2014-07-01T00:00:00.000Z,seed,Travel & Hospitality,Taipei,2010-08-31T16:00:00.000Z
230620161225,940000,2016-01-04T16:00:00.000Z,seed,Travel & Hospitality,Beijing,2015-03-31T16:00:00.000Z
23062016182,2000000,2015-02-02T16:00:00.000Z,a,Travel & Hospitality,Shanghai,2006-07-31T16:00:00.000Z
23062016179,10000000,2009-12-31T16:00:00.000Z,a,Travel & Hospitality,Shanghai,2007-01-31T16:00:00.000Z
23062016137,6300000,2015-08-01T16:00:00.000Z,a,Travel & Hospitality,Beijing,2015-07-31T16:00:00.000Z
23062016181,1000000,2012-10-08T00:00:00.000Z,seed,Travel & Hospitality,Singapore,
230620161299,170000,2015-10-12T16:00:00.000Z,seed,Travel & Hospitality,Beijing,2015-04-30T16:00:00.000Z
230620161290,100000,2014-12-31T16:00:00.000Z,seed,Travel & Hospitality,Hong Kong,2014-12-30T16:00:00.000Z
23062016216,1500000,2015-06-01T00:00:00.000Z,seed,Travel & Hospitality,Hong Kong,2014-08-31T16:00:00.000Z
23062016248,1000000,2012-02-29T16:00:00.000Z,seed,Travel & Hospitality,Singapore,2009-12-31T16:00:00.000Z
2306201624,50000,2014-12-31T16:00:00.000Z,seed,Travel & Hospitality,Taipei,
23062016327,50000,2015-03-31T16:00:00.000Z,seed,Travel & Hospitality,Shenzhen,2015-03-31T16:00:00.000Z
23062016328,479665,2015-01-25T16:00:00.000Z,seed,Travel & Hospitality,Shenzhen,2014-06-29T16:00:00.000Z
23062016343,170000,2013-09-20T16:00:00.000Z,seed,Travel & Hospitality,Beijing,2014-07-31T16:00:00.000Z
23062016370,100000,2014-12-31T16:00:00.000Z,seed,Travel & Hospitality,Singapore,2013-12-31T16:00:00.000Z
23062016311,100000,2014-12-31T16:00:00.000Z,seed,Travel & Hospitality,Singapore,2013-08-31T16:00:00.000Z
23062016333,1000000,2014-04-01T00:00:00.000Z,a,Travel & Hospitality,Shenzhen,2014-02-28T16:00:00.000Z
2306201646,330000,2014-01-31T16:00:00.000Z,seed,Travel & Hospitality,Beijing,2013-12-31T16:00:00.000Z
23062016580,19856000,2014-01-11T16:00:00.000Z,a,Travel & Hospitality,Shanghai,2013-05-31T16:00:00.000Z
2306201661,1000000,2012-08-31T16:00:00.000Z,a,Travel & Hospitality,Shanghai,2012-02-29T16:00:00.000Z
23062016595,6000000,2013-04-30T16:00:00.000Z,a,Travel & Hospitality,Shanghai,2011-12-31T16:00:00.000Z
23062016621,1500000,2013-12-16T00:00:00.000Z,seed,Travel & Hospitality,Sydney,2011-05-31T16:00:00.000Z
23062016683,170000,2013-12-29T16:00:00.000Z,seed,Travel & Hospitality,Shanghai,2013-04-30T16:00:00.000Z
2306201669,100000,2014-12-31T16:00:00.000Z,seed,Travel & Hospitality,Singapore,
23062016831,538000,2013-01-01T00:00:00.000Z,seed,Travel & Hospitality,Singapore,2011-12-31T16:00:00.000Z
23062016803,200000,2012-10-04T16:00:00.000Z,seed,Travel & Hospitality,Singapore,2010-12-31T16:00:00.000Z
2306201682,200000,2011-12-31T16:00:00.000Z,seed,Travel & Hospitality,Singapore,2011-12-31T16:00:00.000Z
2306201677,4500000,2008-01-01T00:00:00.000Z,a,Travel & Hospitality,Singapore,2005-08-31T16:00:00.000Z
23062016767,50980,2012-01-01T00:00:00.000Z,seed,Travel & Hospitality,Sydney,2011-12-31T16:00:00.000Z
23062016887,10000000,2015-10-25T16:00:00.000Z,a,Travel & Hospitality,Beijing,2010-03-31T16:00:00.000Z